mode,fs,operation,iter_no,time_sec
native,source,open,1,0.000006760
native,source,open,2,0.000005206
native,source,open,3,0.000020321
native,source,open,4,0.000006132
native,source,open,5,0.000006024
native,source,open,6,0.000044082
native,source,open,7,0.000004639
native,source,open,8,0.000005580
native,source,open,9,0.000007055
native,source,open,10,0.000004765
native,source,open,11,0.000006477
native,source,open,12,0.000004901
native,source,open,13,0.000004540
native,source,open,14,0.000006984
native,source,open,15,0.000008189
native,source,open,16,0.000004850
native,source,open,17,0.000004881
native,source,open,18,0.000006049
native,source,open,19,0.000007355
native,source,open,20,0.000005367
native,source,open,21,0.000009918
native,source,open,22,0.000005223
native,source,open,23,0.000006715
native,source,open,24,0.000004835
native,source,open,25,0.000006170
native,source,open,26,0.000005896
native,source,open,27,0.000004954
native,source,open,28,0.000007110
native,source,open,29,0.000005100
native,source,open,30,0.000005151
native,source,open,31,0.000005681
native,source,open,32,0.000006637
native,source,open,33,0.000004706
native,source,open,34,0.000007004
native,source,open,35,0.000004950
native,source,open,36,0.000004846
native,source,open,37,0.000005326
native,source,open,38,0.000004961
native,source,open,39,0.000004657
native,source,open,40,0.000009398
native,source,open,41,0.000004610
native,source,open,42,0.000020359
native,source,open,43,0.000006985
native,source,open,44,0.000006198
native,source,open,45,0.000004776
native,source,open,46,0.000005240
native,source,open,47,0.000006010
native,source,open,48,0.000006755
native,source,open,49,0.000004779
native,source,open,50,0.000007550
native,source,open,51,0.000004799
native,source,open,52,0.000005337
native,source,open,53,0.000004920
native,source,open,54,0.000005186
native,source,open,55,0.000004618
native,source,open,56,0.000004962
native,source,open,57,0.000005049
native,source,open,58,0.000005775
native,source,open,59,0.000005515
native,source,open,60,0.000007724
native,source,open,61,0.000005268
native,source,open,62,0.000004777
native,source,open,63,0.000006727
native,source,open,64,0.000005856
native,source,open,65,0.000004177
native,source,open,66,0.000007465
native,source,open,67,0.000005206
native,source,open,68,0.000004503
native,source,open,69,0.000004360
native,source,open,70,0.000004960
native,source,open,71,0.000004874
native,source,open,72,0.000004481
native,source,open,73,0.000004839
native,source,open,74,0.000004937
native,source,open,75,0.000004705
native,source,open,76,0.000004698
native,source,open,77,0.000005460
native,source,open,78,0.000004827
native,source,open,79,0.000025865
native,source,open,80,0.000005040
native,source,open,81,0.000004976
native,source,open,82,0.000021539
native,source,open,83,0.000008981
native,source,open,84,0.000007707
native,source,open,85,0.000006172
native,source,open,86,0.000005845
native,source,open,87,0.000004407
native,source,open,88,0.000004305
native,source,open,89,0.000004663
native,source,open,90,0.000004559
native,source,open,91,0.000004504
native,source,open,92,0.000004858
native,source,open,93,0.000004738
native,source,open,94,0.000004403
native,source,open,95,0.000022375
native,source,open,96,0.000004720
native,source,open,97,0.000004973
native,source,open,98,0.000005278
native,source,open,99,0.000004773
native,source,open,100,0.000004264
native,source,open,101,0.000004855
native,source,open,102,0.000006610
native,source,open,103,0.000005175
native,source,open,104,0.000004452
native,source,open,105,0.000004304
native,source,open,106,0.000004622
native,source,open,107,0.000006063
native,source,open,108,0.000004402
native,source,open,109,0.000004543
native,source,open,110,0.000004920
native,source,open,111,0.000005971
native,source,open,112,0.000004527
native,source,open,113,0.000007249
native,source,open,114,0.000006052
native,source,open,115,0.000004584
native,source,open,116,0.000004737
native,source,open,117,0.000004289
native,source,open,118,0.000006425
native,source,open,119,0.000006854
native,source,open,120,0.000006536
native,source,open,121,0.000004981
native,source,open,122,0.000005344
native,source,open,123,0.000004731
native,source,open,124,0.000004854
native,source,open,125,0.000004627
native,source,open,126,0.000004600
native,source,open,127,0.000004678
native,source,open,128,0.000005758
native,source,open,129,0.000004584
native,source,open,130,0.000004391
native,source,open,131,0.000004852
native,source,open,132,0.000005458
native,source,open,133,0.000007888
native,source,open,134,0.000015407
native,source,open,135,0.000005558
native,source,open,136,0.000005272
native,source,open,137,0.000005363
native,source,open,138,0.000006010
native,source,open,139,0.000005087
native,source,open,140,0.000010867
native,source,open,141,0.000006031
native,source,open,142,0.000007908
native,source,open,143,0.000010125
native,source,open,144,0.000007999
native,source,open,145,0.000009889
native,source,open,146,0.000005327
native,source,open,147,0.000012759
native,source,open,148,0.000004249
native,source,open,149,0.000005666
native,source,open,150,0.000004969
native,source,open,151,0.000005393
native,source,open,152,0.000004784
native,source,open,153,0.000004898
native,source,open,154,0.000005037
native,source,open,155,0.000004612
native,source,open,156,0.000005340
native,source,open,157,0.000005384
native,source,open,158,0.000004824
native,source,open,159,0.000005651
native,source,open,160,0.000004717
native,source,open,161,0.000006175
native,source,open,162,0.000004948
native,source,open,163,0.000006845
native,source,open,164,0.000004970
native,source,open,165,0.000005054
native,source,open,166,0.000004621
native,source,open,167,0.000006921
native,source,open,168,0.000004738
native,source,open,169,0.000015197
native,source,open,170,0.000004554
native,source,open,171,0.000005168
native,source,open,172,0.000005529
native,source,open,173,0.000004857
native,source,open,174,0.000005182
native,source,open,175,0.000005214
native,source,open,176,0.000005727
native,source,open,177,0.000004922
native,source,open,178,0.000005103
native,source,open,179,0.000004717
native,source,open,180,0.000004419
native,source,open,181,0.000004673
native,source,open,182,0.000004539
native,source,open,183,0.000005044
native,source,open,184,0.000004610
native,source,open,185,0.000005024
native,source,open,186,0.000005273
native,source,open,187,0.000019258
native,source,open,188,0.000005240
native,source,open,189,0.000004990
native,source,open,190,0.000004137
native,source,open,191,0.000010199
native,source,open,192,0.000004331
native,source,open,193,0.000005284
native,source,open,194,0.000005828
native,source,open,195,0.000004495
native,source,open,196,0.000004980
native,source,open,197,0.000004529
native,source,open,198,0.000004317
native,source,open,199,0.000005489
native,source,open,200,0.000004626
native,source,read,1,0.000002995
native,source,read,2,0.000003031
native,source,read,3,0.000003893
native,source,read,4,0.000003682
native,source,read,5,0.000002779
native,source,read,6,0.000002847
native,source,read,7,0.000003348
native,source,read,8,0.000003427
native,source,read,9,0.000002961
native,source,read,10,0.000003011
native,source,read,11,0.000003034
native,source,read,12,0.000002949
native,source,read,13,0.000004285
native,source,read,14,0.000003270
native,source,read,15,0.000003539
native,source,read,16,0.000003415
native,source,read,17,0.000002933
native,source,read,18,0.000002868
native,source,read,19,0.000003270
native,source,read,20,0.000003113
native,source,read,21,0.000004034
native,source,read,22,0.000003344
native,source,read,23,0.000003244
native,source,read,24,0.000003330
native,source,read,25,0.000003067
native,source,read,26,0.000003924
native,source,read,27,0.000003012
native,source,read,28,0.000003926
native,source,read,29,0.000002633
native,source,read,30,0.000003261
native,source,read,31,0.000002938
native,source,read,32,0.000006269
native,source,read,33,0.000004769
native,source,read,34,0.000002790
native,source,read,35,0.000003824
native,source,read,36,0.000007859
native,source,read,37,0.000003073
native,source,read,38,0.000002893
native,source,read,39,0.000003800
native,source,read,40,0.000002883
native,source,read,41,0.000003065
native,source,read,42,0.000025478
native,source,read,43,0.000002674
native,source,read,44,0.000002789
native,source,read,45,0.000002786
native,source,read,46,0.000004744
native,source,read,47,0.000005039
native,source,read,48,0.000002895
native,source,read,49,0.000002643
native,source,read,50,0.000003718
native,source,read,51,0.000002720
native,source,read,52,0.000002899
native,source,read,53,0.000002891
native,source,read,54,0.000002676
native,source,read,55,0.000003735
native,source,read,56,0.000003753
native,source,read,57,0.000002887
native,source,read,58,0.000003073
native,source,read,59,0.000002876
native,source,read,60,0.000003012
native,source,read,61,0.000003449
native,source,read,62,0.000002399
native,source,read,63,0.000002813
native,source,read,64,0.000002674
native,source,read,65,0.000004282
native,source,read,66,0.000004825
native,source,read,67,0.000006532
native,source,read,68,0.000003092
native,source,read,69,0.000004610
native,source,read,70,0.000002919
native,source,read,71,0.000003454
native,source,read,72,0.000003037
native,source,read,73,0.000003933
native,source,read,74,0.000002827
native,source,read,75,0.000002985
native,source,read,76,0.000003642
native,source,read,77,0.000002672
native,source,read,78,0.000003618
native,source,read,79,0.000002644
native,source,read,80,0.000004065
native,source,read,81,0.000003608
native,source,read,82,0.000022116
native,source,read,83,0.000003269
native,source,read,84,0.000003055
native,source,read,85,0.000002804
native,source,read,86,0.000002663
native,source,read,87,0.000002723
native,source,read,88,0.000003158
native,source,read,89,0.000003043
native,source,read,90,0.000003815
native,source,read,91,0.000003052
native,source,read,92,0.000002733
native,source,read,93,0.000014728
native,source,read,94,0.000003100
native,source,read,95,0.000002965
native,source,read,96,0.000002889
native,source,read,97,0.000003056
native,source,read,98,0.000003362
native,source,read,99,0.000002792
native,source,read,100,0.000003091
native,source,read,101,0.000002930
native,source,read,102,0.000003856
native,source,read,103,0.000003036
native,source,read,104,0.000002864
native,source,read,105,0.000003352
native,source,read,106,0.000003665
native,source,read,107,0.000003372
native,source,read,108,0.000003175
native,source,read,109,0.000002595
native,source,read,110,0.000002872
native,source,read,111,0.000002965
native,source,read,112,0.000003047
native,source,read,113,0.000002998
native,source,read,114,0.000002674
native,source,read,115,0.000003590
native,source,read,116,0.000002623
native,source,read,117,0.000003083
native,source,read,118,0.000002617
native,source,read,119,0.000003592
native,source,read,120,0.000002893
native,source,read,121,0.000002749
native,source,read,122,0.000003412
native,source,read,123,0.000003472
native,source,read,124,0.000003344
native,source,read,125,0.000003063
native,source,read,126,0.000002944
native,source,read,127,0.000002736
native,source,read,128,0.000002864
native,source,read,129,0.000005721
native,source,read,130,0.000003409
native,source,read,131,0.000002743
native,source,read,132,0.000003710
native,source,read,133,0.000003525
native,source,read,134,0.000004049
native,source,read,135,0.000002810
native,source,read,136,0.000002842
native,source,read,137,0.000002975
native,source,read,138,0.000003077
native,source,read,139,0.000002790
native,source,read,140,0.000002810
native,source,read,141,0.000038000
native,source,read,142,0.000003005
native,source,read,143,0.000002584
native,source,read,144,0.000003748
native,source,read,145,0.000002892
native,source,read,146,0.000003862
native,source,read,147,0.000003008
native,source,read,148,0.000004398
native,source,read,149,0.000002829
native,source,read,150,0.000003131
native,source,read,151,0.000002966
native,source,read,152,0.000002977
native,source,read,153,0.000004110
native,source,read,154,0.000002522
native,source,read,155,0.000003166
native,source,read,156,0.000003163
native,source,read,157,0.000003682
native,source,read,158,0.000002710
native,source,read,159,0.000002897
native,source,read,160,0.000007965
native,source,read,161,0.000005063
native,source,read,162,0.000003113
native,source,read,163,0.000003459
native,source,read,164,0.000003432
native,source,read,165,0.000003127
native,source,read,166,0.000002817
native,source,read,167,0.000003682
native,source,read,168,0.000003355
native,source,read,169,0.000003082
native,source,read,170,0.000004565
native,source,read,171,0.000003146
native,source,read,172,0.000003130
native,source,read,173,0.000003039
native,source,read,174,0.000002792
native,source,read,175,0.000003528
native,source,read,176,0.000003029
native,source,read,177,0.000003579
native,source,read,178,0.000002905
native,source,read,179,0.000003226
native,source,read,180,0.000003387
native,source,read,181,0.000003282
native,source,read,182,0.000003253
native,source,read,183,0.000003326
native,source,read,184,0.000003688
native,source,read,185,0.000004622
native,source,read,186,0.000003578
native,source,read,187,0.000003353
native,source,read,188,0.000002955
native,source,read,189,0.000003146
native,source,read,190,0.000003700
native,source,read,191,0.000003704
native,source,read,192,0.000003306
native,source,read,193,0.000002947
native,source,read,194,0.000003488
native,source,read,195,0.000003588
native,source,read,196,0.000003311
native,source,read,197,0.000002872
native,source,read,198,0.000004366
native,source,read,199,0.000002962
native,source,read,200,0.000003803
native,source,write,1,0.000020268
native,source,write,2,0.000019700
native,source,write,3,0.000029426
native,source,write,4,0.000018053
native,source,write,5,0.000018177
native,source,write,6,0.000018849
native,source,write,7,0.000017871
native,source,write,8,0.000020065
native,source,write,9,0.000020507
native,source,write,10,0.000058976
native,source,write,11,0.000022141
native,source,write,12,0.000019760
native,source,write,13,0.000018364
native,source,write,14,0.000020092
native,source,write,15,0.000017686
native,source,write,16,0.000018327
native,source,write,17,0.000019305
native,source,write,18,0.000019451
native,source,write,19,0.000017230
native,source,write,20,0.000017479
native,source,write,21,0.000023412
native,source,write,22,0.000018648
native,source,write,23,0.000019433
native,source,write,24,0.000020436
native,source,write,25,0.000018374
native,source,write,26,0.000019340
native,source,write,27,0.000016376
native,source,write,28,0.000018898
native,source,write,29,0.000021549
native,source,write,30,0.000018842
native,source,write,31,0.000019960
native,source,write,32,0.000019145
native,source,write,33,0.000020375
native,source,write,34,0.000017310
native,source,write,35,0.000021049
native,source,write,36,0.000020476
native,source,write,37,0.000040690
native,source,write,38,0.000019632
native,source,write,39,0.000019373
native,source,write,40,0.000016485
native,source,write,41,0.000021089
native,source,write,42,0.000019268
native,source,write,43,0.000020721
native,source,write,44,0.000019737
native,source,write,45,0.000020801
native,source,write,46,0.000021788
native,source,write,47,0.000018499
native,source,write,48,0.000019443
native,source,write,49,0.000020667
native,source,write,50,0.000018819
native,source,write,51,0.000017456
native,source,write,52,0.000018730
native,source,write,53,0.000020122
native,source,write,54,0.000017225
native,source,write,55,0.000018645
native,source,write,56,0.000018469
native,source,write,57,0.000026659
native,source,write,58,0.000017580
native,source,write,59,0.000021656
native,source,write,60,0.000020428
native,source,write,61,0.000020802
native,source,write,62,0.000018241
native,source,write,63,0.000019733
native,source,write,64,0.000022224
native,source,write,65,0.000017365
native,source,write,66,0.000019438
native,source,write,67,0.000026724
native,source,write,68,0.000017527
native,source,write,69,0.000020315
native,source,write,70,0.000026184
native,source,write,71,0.000020636
native,source,write,72,0.000014916
native,source,write,73,0.000020757
native,source,write,74,0.000021981
native,source,write,75,0.000016476
native,source,write,76,0.000019337
native,source,write,77,0.000018865
native,source,write,78,0.000016301
native,source,write,79,0.000032485
native,source,write,80,0.000018509
native,source,write,81,0.000020916
native,source,write,82,0.000019757
native,source,write,83,0.000018719
native,source,write,84,0.000017522
native,source,write,85,0.000042911
native,source,write,86,0.000021021
native,source,write,87,0.000018227
native,source,write,88,0.000019479
native,source,write,89,0.000020177
native,source,write,90,0.000017534
native,source,write,91,0.000034013
native,source,write,92,0.000028936
native,source,write,93,0.000020635
native,source,write,94,0.000029730
native,source,write,95,0.000018367
native,source,write,96,0.000017128
native,source,write,97,0.000020043
native,source,write,98,0.000021859
native,source,write,99,0.000042954
native,source,write,100,0.000018817
native,source,write,101,0.000018779
native,source,write,102,0.000023730
native,source,write,103,0.000021470
native,source,write,104,0.000023703
native,source,write,105,0.000019006
native,source,write,106,0.000021195
native,source,write,107,0.000023771
native,source,write,108,0.000020042
native,source,write,109,0.000020771
native,source,write,110,0.000021497
native,source,write,111,0.000019156
native,source,write,112,0.000019546
native,source,write,113,0.000019565
native,source,write,114,0.000017508
native,source,write,115,0.000022688
native,source,write,116,0.000017497
native,source,write,117,0.000019020
native,source,write,118,0.000017789
native,source,write,119,0.000018698
native,source,write,120,0.000019503
native,source,write,121,0.000017682
native,source,write,122,0.000019182
native,source,write,123,0.000020738
native,source,write,124,0.000025876
native,source,write,125,0.000017256
native,source,write,126,0.000039531
native,source,write,127,0.000020912
native,source,write,128,0.000020372
native,source,write,129,0.000023951
native,source,write,130,0.000020252
native,source,write,131,0.000023588
native,source,write,132,0.000017370
native,source,write,133,0.000018457
native,source,write,134,0.000018059
native,source,write,135,0.000023398
native,source,write,136,0.000017214
native,source,write,137,0.000020625
native,source,write,138,0.000021374
native,source,write,139,0.000048563
native,source,write,140,0.000018123
native,source,write,141,0.000020258
native,source,write,142,0.000017148
native,source,write,143,0.000020919
native,source,write,144,0.000021928
native,source,write,145,0.000025359
native,source,write,146,0.000018720
native,source,write,147,0.000021134
native,source,write,148,0.000020205
native,source,write,149,0.000019427
native,source,write,150,0.000020730
native,source,write,151,0.000020993
native,source,write,152,0.000019908
native,source,write,153,0.000046275
native,source,write,154,0.000018383
native,source,write,155,0.000089029
native,source,write,156,0.000027604
native,source,write,157,0.000018321
native,source,write,158,0.000018124
native,source,write,159,0.000019625
native,source,write,160,0.000019360
native,source,write,161,0.000039099
native,source,write,162,0.000018424
native,source,write,163,0.000017977
native,source,write,164,0.000017943
native,source,write,165,0.000017928
native,source,write,166,0.000019354
native,source,write,167,0.000017996
native,source,write,168,0.000018623
native,source,write,169,0.000018133
native,source,write,170,0.000017999
native,source,write,171,0.000019684
native,source,write,172,0.000018754
native,source,write,173,0.000021095
native,source,write,174,0.000019217
native,source,write,175,0.000021492
native,source,write,176,0.000019417
native,source,write,177,0.000017444
native,source,write,178,0.000019986
native,source,write,179,0.000018459
native,source,write,180,0.000021306
native,source,write,181,0.000018576
native,source,write,182,0.000018629
native,source,write,183,0.000026800
native,source,write,184,0.000018243
native,source,write,185,0.000018675
native,source,write,186,0.000019694
native,source,write,187,0.000026531
native,source,write,188,0.000020468
native,source,write,189,0.000017434
native,source,write,190,0.000019565
native,source,write,191,0.000021083
native,source,write,192,0.000072750
native,source,write,193,0.000021219
native,source,write,194,0.000039464
native,source,write,195,0.000020796
native,source,write,196,0.000020538
native,source,write,197,0.000018279
native,source,write,198,0.000018934
native,source,write,199,0.000020139
native,source,write,200,0.000021763
native,source,getattr,1,0.000001300
native,source,getattr,2,0.000001473
native,source,getattr,3,0.000001451
native,source,getattr,4,0.000001409
native,source,getattr,5,0.000001474
native,source,getattr,6,0.000001520
native,source,getattr,7,0.000001520
native,source,getattr,8,0.000001434
native,source,getattr,9,0.000001443
native,source,getattr,10,0.000001490
native,source,getattr,11,0.000002196
native,source,getattr,12,0.000001456
native,source,getattr,13,0.000001446
native,source,getattr,14,0.000001514
native,source,getattr,15,0.000001432
native,source,getattr,16,0.000001406
native,source,getattr,17,0.000001426
native,source,getattr,18,0.000001832
native,source,getattr,19,0.000001491
native,source,getattr,20,0.000001541
native,source,getattr,21,0.000001556
native,source,getattr,22,0.000001513
native,source,getattr,23,0.000001563
native,source,getattr,24,0.000001586
native,source,getattr,25,0.000001574
native,source,getattr,26,0.000001483
native,source,getattr,27,0.000001537
native,source,getattr,28,0.000001534
native,source,getattr,29,0.000001580
native,source,getattr,30,0.000001540
native,source,getattr,31,0.000001503
native,source,getattr,32,0.000001490
native,source,getattr,33,0.000001364
native,source,getattr,34,0.000001556
native,source,getattr,35,0.000001433
native,source,getattr,36,0.000001528
native,source,getattr,37,0.000001455
native,source,getattr,38,0.000001418
native,source,getattr,39,0.000001385
native,source,getattr,40,0.000001426
native,source,getattr,41,0.000003135
native,source,getattr,42,0.000001586
native,source,getattr,43,0.000001420
native,source,getattr,44,0.000001508
native,source,getattr,45,0.000001658
native,source,getattr,46,0.000001395
native,source,getattr,47,0.000001591
native,source,getattr,48,0.000001361
native,source,getattr,49,0.000001580
native,source,getattr,50,0.000001522
native,source,getattr,51,0.000001484
native,source,getattr,52,0.000001465
native,source,getattr,53,0.000001646
native,source,getattr,54,0.000001466
native,source,getattr,55,0.000001492
native,source,getattr,56,0.000001506
native,source,getattr,57,0.000001385
native,source,getattr,58,0.000001431
native,source,getattr,59,0.000001506
native,source,getattr,60,0.000001493
native,source,getattr,61,0.000001439
native,source,getattr,62,0.000001493
native,source,getattr,63,0.000001545
native,source,getattr,64,0.000001476
native,source,getattr,65,0.000001531
native,source,getattr,66,0.000001471
native,source,getattr,67,0.000001530
native,source,getattr,68,0.000001503
native,source,getattr,69,0.000001553
native,source,getattr,70,0.000001480
native,source,getattr,71,0.000001483
native,source,getattr,72,0.000001611
native,source,getattr,73,0.000001426
native,source,getattr,74,0.000029154
native,source,getattr,75,0.000001762
native,source,getattr,76,0.000001610
native,source,getattr,77,0.000001429
native,source,getattr,78,0.000001512
native,source,getattr,79,0.000001402
native,source,getattr,80,0.000001464
native,source,getattr,81,0.000001563
native,source,getattr,82,0.000001565
native,source,getattr,83,0.000001502
native,source,getattr,84,0.000001523
native,source,getattr,85,0.000001629
native,source,getattr,86,0.000001443
native,source,getattr,87,0.000001393
native,source,getattr,88,0.000001460
native,source,getattr,89,0.000001512
native,source,getattr,90,0.000001452
native,source,getattr,91,0.000001403
native,source,getattr,92,0.000001395
native,source,getattr,93,0.000001462
native,source,getattr,94,0.000001506
native,source,getattr,95,0.000001362
native,source,getattr,96,0.000001507
native,source,getattr,97,0.000001515
native,source,getattr,98,0.000001547
native,source,getattr,99,0.000001492
native,source,getattr,100,0.000001490
native,source,getattr,101,0.000001527
native,source,getattr,102,0.000001488
native,source,getattr,103,0.000001475
native,source,getattr,104,0.000001473
native,source,getattr,105,0.000001405
native,source,getattr,106,0.000001453
native,source,getattr,107,0.000001516
native,source,getattr,108,0.000001534
native,source,getattr,109,0.000001677
native,source,getattr,110,0.000001527
native,source,getattr,111,0.000001413
native,source,getattr,112,0.000001644
native,source,getattr,113,0.000001505
native,source,getattr,114,0.000001508
native,source,getattr,115,0.000001512
native,source,getattr,116,0.000001554
native,source,getattr,117,0.000001353
native,source,getattr,118,0.000001466
native,source,getattr,119,0.000001545
native,source,getattr,120,0.000001498
native,source,getattr,121,0.000001433
native,source,getattr,122,0.000001472
native,source,getattr,123,0.000001636
native,source,getattr,124,0.000001352
native,source,getattr,125,0.000001462
native,source,getattr,126,0.000001610
native,source,getattr,127,0.000001994
native,source,getattr,128,0.000001606
native,source,getattr,129,0.000001512
native,source,getattr,130,0.000001508
native,source,getattr,131,0.000001502
native,source,getattr,132,0.000001393
native,source,getattr,133,0.000001426
native,source,getattr,134,0.000001386
native,source,getattr,135,0.000001488
native,source,getattr,136,0.000001527
native,source,getattr,137,0.000001438
native,source,getattr,138,0.000001401
native,source,getattr,139,0.000001980
native,source,getattr,140,0.000001588
native,source,getattr,141,0.000001624
native,source,getattr,142,0.000001455
native,source,getattr,143,0.000001389
native,source,getattr,144,0.000001611
native,source,getattr,145,0.000001462
native,source,getattr,146,0.000001381
native,source,getattr,147,0.000001573
native,source,getattr,148,0.000001468
native,source,getattr,149,0.000001584
native,source,getattr,150,0.000001459
native,source,getattr,151,0.000001464
native,source,getattr,152,0.000001474
native,source,getattr,153,0.000001360
native,source,getattr,154,0.000001497
native,source,getattr,155,0.000002262
native,source,getattr,156,0.000001587
native,source,getattr,157,0.000001375
native,source,getattr,158,0.000001434
native,source,getattr,159,0.000001542
native,source,getattr,160,0.000001422
native,source,getattr,161,0.000001546
native,source,getattr,162,0.000001574
native,source,getattr,163,0.000001543
native,source,getattr,164,0.000001590
native,source,getattr,165,0.000002459
native,source,getattr,166,0.000001412
native,source,getattr,167,0.000001555
native,source,getattr,168,0.000001495
native,source,getattr,169,0.000001712
native,source,getattr,170,0.000001492
native,source,getattr,171,0.000001494
native,source,getattr,172,0.000001495
native,source,getattr,173,0.000001507
native,source,getattr,174,0.000001463
native,source,getattr,175,0.000002787
native,source,getattr,176,0.000001366
native,source,getattr,177,0.000001420
native,source,getattr,178,0.000001434
native,source,getattr,179,0.000001959
native,source,getattr,180,0.000001453
native,source,getattr,181,0.000001430
native,source,getattr,182,0.000001320
native,source,getattr,183,0.000001407
native,source,getattr,184,0.000001459
native,source,getattr,185,0.000001536
native,source,getattr,186,0.000001453
native,source,getattr,187,0.000001495
native,source,getattr,188,0.000001532
native,source,getattr,189,0.000001500
native,source,getattr,190,0.000001511
native,source,getattr,191,0.000001495
native,source,getattr,192,0.000001331
native,source,getattr,193,0.000001499
native,source,getattr,194,0.000001589
native,source,getattr,195,0.000001572
native,source,getattr,196,0.000001503
native,source,getattr,197,0.000001718
native,source,getattr,198,0.000001457
native,source,getattr,199,0.000001495
native,source,getattr,200,0.000001467
tmpfs,tmpfs,open,1,0.000008647
tmpfs,tmpfs,open,2,0.000010934
tmpfs,tmpfs,open,3,0.000008000
tmpfs,tmpfs,open,4,0.000004632
tmpfs,tmpfs,open,5,0.000004512
tmpfs,tmpfs,open,6,0.000005480
tmpfs,tmpfs,open,7,0.000005029
tmpfs,tmpfs,open,8,0.000005704
tmpfs,tmpfs,open,9,0.000006797
tmpfs,tmpfs,open,10,0.000005245
tmpfs,tmpfs,open,11,0.000004480
tmpfs,tmpfs,open,12,0.000004669
tmpfs,tmpfs,open,13,0.000004632
tmpfs,tmpfs,open,14,0.000007660
tmpfs,tmpfs,open,15,0.000004821
tmpfs,tmpfs,open,16,0.000005207
tmpfs,tmpfs,open,17,0.000005537
tmpfs,tmpfs,open,18,0.000004269
tmpfs,tmpfs,open,19,0.000004905
tmpfs,tmpfs,open,20,0.000004148
tmpfs,tmpfs,open,21,0.000008996
tmpfs,tmpfs,open,22,0.000004451
tmpfs,tmpfs,open,23,0.000004850
tmpfs,tmpfs,open,24,0.000004043
tmpfs,tmpfs,open,25,0.000011013
tmpfs,tmpfs,open,26,0.000005385
tmpfs,tmpfs,open,27,0.000004349
tmpfs,tmpfs,open,28,0.000007751
tmpfs,tmpfs,open,29,0.000006943
tmpfs,tmpfs,open,30,0.000004727
tmpfs,tmpfs,open,31,0.000005133
tmpfs,tmpfs,open,32,0.000004689
tmpfs,tmpfs,open,33,0.000005177
tmpfs,tmpfs,open,34,0.000004208
tmpfs,tmpfs,open,35,0.000009039
tmpfs,tmpfs,open,36,0.000004032
tmpfs,tmpfs,open,37,0.000006931
tmpfs,tmpfs,open,38,0.000004519
tmpfs,tmpfs,open,39,0.000005837
tmpfs,tmpfs,open,40,0.000005256
tmpfs,tmpfs,open,41,0.000005222
tmpfs,tmpfs,open,42,0.000005078
tmpfs,tmpfs,open,43,0.000005314
tmpfs,tmpfs,open,44,0.000005835
tmpfs,tmpfs,open,45,0.000019546
tmpfs,tmpfs,open,46,0.000005104
tmpfs,tmpfs,open,47,0.000004344
tmpfs,tmpfs,open,48,0.000005142
tmpfs,tmpfs,open,49,0.000004763
tmpfs,tmpfs,open,50,0.000005754
tmpfs,tmpfs,open,51,0.000004267
tmpfs,tmpfs,open,52,0.000004316
tmpfs,tmpfs,open,53,0.000005998
tmpfs,tmpfs,open,54,0.000004966
tmpfs,tmpfs,open,55,0.000005225
tmpfs,tmpfs,open,56,0.000006151
tmpfs,tmpfs,open,57,0.000004956
tmpfs,tmpfs,open,58,0.000004341
tmpfs,tmpfs,open,59,0.000004521
tmpfs,tmpfs,open,60,0.000005931
tmpfs,tmpfs,open,61,0.000004670
tmpfs,tmpfs,open,62,0.000004166
tmpfs,tmpfs,open,63,0.000004502
tmpfs,tmpfs,open,64,0.000005143
tmpfs,tmpfs,open,65,0.000005053
tmpfs,tmpfs,open,66,0.000004904
tmpfs,tmpfs,open,67,0.000004362
tmpfs,tmpfs,open,68,0.000004590
tmpfs,tmpfs,open,69,0.000004536
tmpfs,tmpfs,open,70,0.000005652
tmpfs,tmpfs,open,71,0.000004571
tmpfs,tmpfs,open,72,0.000004576
tmpfs,tmpfs,open,73,0.000004498
tmpfs,tmpfs,open,74,0.000006728
tmpfs,tmpfs,open,75,0.000005854
tmpfs,tmpfs,open,76,0.000004775
tmpfs,tmpfs,open,77,0.000004607
tmpfs,tmpfs,open,78,0.000006141
tmpfs,tmpfs,open,79,0.000004485
tmpfs,tmpfs,open,80,0.000005484
tmpfs,tmpfs,open,81,0.000004908
tmpfs,tmpfs,open,82,0.000004272
tmpfs,tmpfs,open,83,0.000005561
tmpfs,tmpfs,open,84,0.000004424
tmpfs,tmpfs,open,85,0.000004374
tmpfs,tmpfs,open,86,0.000004774
tmpfs,tmpfs,open,87,0.000005256
tmpfs,tmpfs,open,88,0.000005007
tmpfs,tmpfs,open,89,0.000004335
tmpfs,tmpfs,open,90,0.000005009
tmpfs,tmpfs,open,91,0.000004206
tmpfs,tmpfs,open,92,0.000004492
tmpfs,tmpfs,open,93,0.000004988
tmpfs,tmpfs,open,94,0.000004833
tmpfs,tmpfs,open,95,0.000004681
tmpfs,tmpfs,open,96,0.000004399
tmpfs,tmpfs,open,97,0.000148451
tmpfs,tmpfs,open,98,0.000004175
tmpfs,tmpfs,open,99,0.000004206
tmpfs,tmpfs,open,100,0.000005083
tmpfs,tmpfs,open,101,0.000004885
tmpfs,tmpfs,open,102,0.000003967
tmpfs,tmpfs,open,103,0.000005061
tmpfs,tmpfs,open,104,0.000004428
tmpfs,tmpfs,open,105,0.000004302
tmpfs,tmpfs,open,106,0.000004155
tmpfs,tmpfs,open,107,0.000065443
tmpfs,tmpfs,open,108,0.000005534
tmpfs,tmpfs,open,109,0.000004154
tmpfs,tmpfs,open,110,0.000004848
tmpfs,tmpfs,open,111,0.000004570
tmpfs,tmpfs,open,112,0.000005116
tmpfs,tmpfs,open,113,0.000005202
tmpfs,tmpfs,open,114,0.000004181
tmpfs,tmpfs,open,115,0.000008806
tmpfs,tmpfs,open,116,0.000005150
tmpfs,tmpfs,open,117,0.000004245
tmpfs,tmpfs,open,118,0.000004782
tmpfs,tmpfs,open,119,0.000004599
tmpfs,tmpfs,open,120,0.000005180
tmpfs,tmpfs,open,121,0.000005237
tmpfs,tmpfs,open,122,0.000005044
tmpfs,tmpfs,open,123,0.000005990
tmpfs,tmpfs,open,124,0.000004557
tmpfs,tmpfs,open,125,0.000004104
tmpfs,tmpfs,open,126,0.000004197
tmpfs,tmpfs,open,127,0.000005069
tmpfs,tmpfs,open,128,0.000004694
tmpfs,tmpfs,open,129,0.000004795
tmpfs,tmpfs,open,130,0.000004511
tmpfs,tmpfs,open,131,0.000005957
tmpfs,tmpfs,open,132,0.000023176
tmpfs,tmpfs,open,133,0.000004631
tmpfs,tmpfs,open,134,0.000004962
tmpfs,tmpfs,open,135,0.000005887
tmpfs,tmpfs,open,136,0.000004977
tmpfs,tmpfs,open,137,0.000005230
tmpfs,tmpfs,open,138,0.000005294
tmpfs,tmpfs,open,139,0.000004470
tmpfs,tmpfs,open,140,0.000004408
tmpfs,tmpfs,open,141,0.000007973
tmpfs,tmpfs,open,142,0.000004357
tmpfs,tmpfs,open,143,0.000004529
tmpfs,tmpfs,open,144,0.000004465
tmpfs,tmpfs,open,145,0.000005871
tmpfs,tmpfs,open,146,0.000004273
tmpfs,tmpfs,open,147,0.000004733
tmpfs,tmpfs,open,148,0.000004301
tmpfs,tmpfs,open,149,0.000006465
tmpfs,tmpfs,open,150,0.000004676
tmpfs,tmpfs,open,151,0.000004529
tmpfs,tmpfs,open,152,0.000004234
tmpfs,tmpfs,open,153,0.000005506
tmpfs,tmpfs,open,154,0.000005504
tmpfs,tmpfs,open,155,0.000005903
tmpfs,tmpfs,open,156,0.000005033
tmpfs,tmpfs,open,157,0.000007952
tmpfs,tmpfs,open,158,0.000005251
tmpfs,tmpfs,open,159,0.000004410
tmpfs,tmpfs,open,160,0.000004306
tmpfs,tmpfs,open,161,0.000004088
tmpfs,tmpfs,open,162,0.000005524
tmpfs,tmpfs,open,163,0.000006812
tmpfs,tmpfs,open,164,0.000004750
tmpfs,tmpfs,open,165,0.000004375
tmpfs,tmpfs,open,166,0.000004137
tmpfs,tmpfs,open,167,0.000004382
tmpfs,tmpfs,open,168,0.000004557
tmpfs,tmpfs,open,169,0.000003855
tmpfs,tmpfs,open,170,0.000009062
tmpfs,tmpfs,open,171,0.000004497
tmpfs,tmpfs,open,172,0.000004779
tmpfs,tmpfs,open,173,0.000004066
tmpfs,tmpfs,open,174,0.000004490
tmpfs,tmpfs,open,175,0.000005896
tmpfs,tmpfs,open,176,0.000004353
tmpfs,tmpfs,open,177,0.000003763
tmpfs,tmpfs,open,178,0.000005048
tmpfs,tmpfs,open,179,0.000004911
tmpfs,tmpfs,open,180,0.000003921
tmpfs,tmpfs,open,181,0.000005724
tmpfs,tmpfs,open,182,0.000004524
tmpfs,tmpfs,open,183,0.000003803
tmpfs,tmpfs,open,184,0.000005835
tmpfs,tmpfs,open,185,0.000004031
tmpfs,tmpfs,open,186,0.000004523
tmpfs,tmpfs,open,187,0.000004356
tmpfs,tmpfs,open,188,0.000005272
tmpfs,tmpfs,open,189,0.000004813
tmpfs,tmpfs,open,190,0.000004018
tmpfs,tmpfs,open,191,0.000003870
tmpfs,tmpfs,open,192,0.000004480
tmpfs,tmpfs,open,193,0.000005302
tmpfs,tmpfs,open,194,0.000004814
tmpfs,tmpfs,open,195,0.000004294
tmpfs,tmpfs,open,196,0.000004317
tmpfs,tmpfs,open,197,0.000004307
tmpfs,tmpfs,open,198,0.000004676
tmpfs,tmpfs,open,199,0.000003862
tmpfs,tmpfs,open,200,0.000006244
tmpfs,tmpfs,read,1,0.000004309
tmpfs,tmpfs,read,2,0.000020376
tmpfs,tmpfs,read,3,0.000002875
tmpfs,tmpfs,read,4,0.000002484
tmpfs,tmpfs,read,5,0.000003589
tmpfs,tmpfs,read,6,0.000003446
tmpfs,tmpfs,read,7,0.000002698
tmpfs,tmpfs,read,8,0.000002553
tmpfs,tmpfs,read,9,0.000002772
tmpfs,tmpfs,read,10,0.000002614
tmpfs,tmpfs,read,11,0.000002513
tmpfs,tmpfs,read,12,0.000002594
tmpfs,tmpfs,read,13,0.000002937
tmpfs,tmpfs,read,14,0.000002683
tmpfs,tmpfs,read,15,0.000002579
tmpfs,tmpfs,read,16,0.000002699
tmpfs,tmpfs,read,17,0.000002989
tmpfs,tmpfs,read,18,0.000002688
tmpfs,tmpfs,read,19,0.000007241
tmpfs,tmpfs,read,20,0.000002730
tmpfs,tmpfs,read,21,0.000002549
tmpfs,tmpfs,read,22,0.000002631
tmpfs,tmpfs,read,23,0.000002681
tmpfs,tmpfs,read,24,0.000004267
tmpfs,tmpfs,read,25,0.000003362
tmpfs,tmpfs,read,26,0.000002975
tmpfs,tmpfs,read,27,0.000002588
tmpfs,tmpfs,read,28,0.000003112
tmpfs,tmpfs,read,29,0.000002914
tmpfs,tmpfs,read,30,0.000002681
tmpfs,tmpfs,read,31,0.000002986
tmpfs,tmpfs,read,32,0.000003792
tmpfs,tmpfs,read,33,0.000002539
tmpfs,tmpfs,read,34,0.000003490
tmpfs,tmpfs,read,35,0.000002678
tmpfs,tmpfs,read,36,0.000003071
tmpfs,tmpfs,read,37,0.000003450
tmpfs,tmpfs,read,38,0.000002428
tmpfs,tmpfs,read,39,0.000002909
tmpfs,tmpfs,read,40,0.000002621
tmpfs,tmpfs,read,41,0.000002687
tmpfs,tmpfs,read,42,0.000003208
tmpfs,tmpfs,read,43,0.000002620
tmpfs,tmpfs,read,44,0.000002656
tmpfs,tmpfs,read,45,0.000002686
tmpfs,tmpfs,read,46,0.000002513
tmpfs,tmpfs,read,47,0.000002553
tmpfs,tmpfs,read,48,0.000003006
tmpfs,tmpfs,read,49,0.000005546
tmpfs,tmpfs,read,50,0.000002625
tmpfs,tmpfs,read,51,0.000003341
tmpfs,tmpfs,read,52,0.000003632
tmpfs,tmpfs,read,53,0.000002688
tmpfs,tmpfs,read,54,0.000002943
tmpfs,tmpfs,read,55,0.000002743
tmpfs,tmpfs,read,56,0.000002989
tmpfs,tmpfs,read,57,0.000002913
tmpfs,tmpfs,read,58,0.000003090
tmpfs,tmpfs,read,59,0.000002804
tmpfs,tmpfs,read,60,0.000003255
tmpfs,tmpfs,read,61,0.000002543
tmpfs,tmpfs,read,62,0.000004121
tmpfs,tmpfs,read,63,0.000002761
tmpfs,tmpfs,read,64,0.000002576
tmpfs,tmpfs,read,65,0.000002633
tmpfs,tmpfs,read,66,0.000002711
tmpfs,tmpfs,read,67,0.000002818
tmpfs,tmpfs,read,68,0.000003131
tmpfs,tmpfs,read,69,0.000002435
tmpfs,tmpfs,read,70,0.000002471
tmpfs,tmpfs,read,71,0.000004161
tmpfs,tmpfs,read,72,0.000002203
tmpfs,tmpfs,read,73,0.000002914
tmpfs,tmpfs,read,74,0.000002612
tmpfs,tmpfs,read,75,0.000002594
tmpfs,tmpfs,read,76,0.000003283
tmpfs,tmpfs,read,77,0.000002634
tmpfs,tmpfs,read,78,0.000002614
tmpfs,tmpfs,read,79,0.000003073
tmpfs,tmpfs,read,80,0.000002619
tmpfs,tmpfs,read,81,0.000002754
tmpfs,tmpfs,read,82,0.000003097
tmpfs,tmpfs,read,83,0.000002446
tmpfs,tmpfs,read,84,0.000002752
tmpfs,tmpfs,read,85,0.000005375
tmpfs,tmpfs,read,86,0.000003756
tmpfs,tmpfs,read,87,0.000002485
tmpfs,tmpfs,read,88,0.000002595
tmpfs,tmpfs,read,89,0.000002574
tmpfs,tmpfs,read,90,0.000002390
tmpfs,tmpfs,read,91,0.000003587
tmpfs,tmpfs,read,92,0.000002322
tmpfs,tmpfs,read,93,0.000002525
tmpfs,tmpfs,read,94,0.000002507
tmpfs,tmpfs,read,95,0.000003132
tmpfs,tmpfs,read,96,0.000003094
tmpfs,tmpfs,read,97,0.000002617
tmpfs,tmpfs,read,98,0.000003566
tmpfs,tmpfs,read,99,0.000003079
tmpfs,tmpfs,read,100,0.000003248
tmpfs,tmpfs,read,101,0.000002705
tmpfs,tmpfs,read,102,0.000004162
tmpfs,tmpfs,read,103,0.000003700
tmpfs,tmpfs,read,104,0.000003016
tmpfs,tmpfs,read,105,0.000002605
tmpfs,tmpfs,read,106,0.000003459
tmpfs,tmpfs,read,107,0.000002418
tmpfs,tmpfs,read,108,0.000003188
tmpfs,tmpfs,read,109,0.000003058
tmpfs,tmpfs,read,110,0.000003779
tmpfs,tmpfs,read,111,0.000003107
tmpfs,tmpfs,read,112,0.000002728
tmpfs,tmpfs,read,113,0.000003184
tmpfs,tmpfs,read,114,0.000002553
tmpfs,tmpfs,read,115,0.000002347
tmpfs,tmpfs,read,116,0.000002926
tmpfs,tmpfs,read,117,0.000002864
tmpfs,tmpfs,read,118,0.000004053
tmpfs,tmpfs,read,119,0.000003254
tmpfs,tmpfs,read,120,0.000003453
tmpfs,tmpfs,read,121,0.000002706
tmpfs,tmpfs,read,122,0.000002633
tmpfs,tmpfs,read,123,0.000002697
tmpfs,tmpfs,read,124,0.000002555
tmpfs,tmpfs,read,125,0.000002631
tmpfs,tmpfs,read,126,0.000002534
tmpfs,tmpfs,read,127,0.000002725
tmpfs,tmpfs,read,128,0.000003454
tmpfs,tmpfs,read,129,0.000002524
tmpfs,tmpfs,read,130,0.000003069
tmpfs,tmpfs,read,131,0.000003081
tmpfs,tmpfs,read,132,0.000002563
tmpfs,tmpfs,read,133,0.000002829
tmpfs,tmpfs,read,134,0.000002338
tmpfs,tmpfs,read,135,0.000002822
tmpfs,tmpfs,read,136,0.000002987
tmpfs,tmpfs,read,137,0.000002578
tmpfs,tmpfs,read,138,0.000002859
tmpfs,tmpfs,read,139,0.000002403
tmpfs,tmpfs,read,140,0.000002576
tmpfs,tmpfs,read,141,0.000002565
tmpfs,tmpfs,read,142,0.000002882
tmpfs,tmpfs,read,143,0.000002415
tmpfs,tmpfs,read,144,0.000003487
tmpfs,tmpfs,read,145,0.000002559
tmpfs,tmpfs,read,146,0.000006618
tmpfs,tmpfs,read,147,0.000003452
tmpfs,tmpfs,read,148,0.000002658
tmpfs,tmpfs,read,149,0.000002390
tmpfs,tmpfs,read,150,0.000002898
tmpfs,tmpfs,read,151,0.000002653
tmpfs,tmpfs,read,152,0.000002598
tmpfs,tmpfs,read,153,0.000020012
tmpfs,tmpfs,read,154,0.000002510
tmpfs,tmpfs,read,155,0.000002588
tmpfs,tmpfs,read,156,0.000002509
tmpfs,tmpfs,read,157,0.000002564
tmpfs,tmpfs,read,158,0.000002336
tmpfs,tmpfs,read,159,0.000003403
tmpfs,tmpfs,read,160,0.000002680
tmpfs,tmpfs,read,161,0.000003646
tmpfs,tmpfs,read,162,0.000002803
tmpfs,tmpfs,read,163,0.000003268
tmpfs,tmpfs,read,164,0.000002435
tmpfs,tmpfs,read,165,0.000002482
tmpfs,tmpfs,read,166,0.000002922
tmpfs,tmpfs,read,167,0.000002774
tmpfs,tmpfs,read,168,0.000002709
tmpfs,tmpfs,read,169,0.000002593
tmpfs,tmpfs,read,170,0.000002862
tmpfs,tmpfs,read,171,0.000003120
tmpfs,tmpfs,read,172,0.000002753
tmpfs,tmpfs,read,173,0.000002790
tmpfs,tmpfs,read,174,0.000003162
tmpfs,tmpfs,read,175,0.000003637
tmpfs,tmpfs,read,176,0.000002997
tmpfs,tmpfs,read,177,0.000002654
tmpfs,tmpfs,read,178,0.000004377
tmpfs,tmpfs,read,179,0.000002988
tmpfs,tmpfs,read,180,0.000002830
tmpfs,tmpfs,read,181,0.000002615
tmpfs,tmpfs,read,182,0.000003085
tmpfs,tmpfs,read,183,0.000002424
tmpfs,tmpfs,read,184,0.000002491
tmpfs,tmpfs,read,185,0.000002989
tmpfs,tmpfs,read,186,0.000003051
tmpfs,tmpfs,read,187,0.000002951
tmpfs,tmpfs,read,188,0.000002687
tmpfs,tmpfs,read,189,0.000003340
tmpfs,tmpfs,read,190,0.000003462
tmpfs,tmpfs,read,191,0.000002446
tmpfs,tmpfs,read,192,0.000002889
tmpfs,tmpfs,read,193,0.000002856
tmpfs,tmpfs,read,194,0.000002567
tmpfs,tmpfs,read,195,0.000003959
tmpfs,tmpfs,read,196,0.000002502
tmpfs,tmpfs,read,197,0.000002513
tmpfs,tmpfs,read,198,0.000002489
tmpfs,tmpfs,read,199,0.000002604
tmpfs,tmpfs,read,200,0.000002549
tmpfs,tmpfs,write,1,0.000006227
tmpfs,tmpfs,write,2,0.000008136
tmpfs,tmpfs,write,3,0.000005062
tmpfs,tmpfs,write,4,0.000005627
tmpfs,tmpfs,write,5,0.000006265
tmpfs,tmpfs,write,6,0.000007287
tmpfs,tmpfs,write,7,0.000006873
tmpfs,tmpfs,write,8,0.000005656
tmpfs,tmpfs,write,9,0.000005843
tmpfs,tmpfs,write,10,0.000007925
tmpfs,tmpfs,write,11,0.000006349
tmpfs,tmpfs,write,12,0.000006311
tmpfs,tmpfs,write,13,0.000007893
tmpfs,tmpfs,write,14,0.000005501
tmpfs,tmpfs,write,15,0.000007920
tmpfs,tmpfs,write,16,0.000008006
tmpfs,tmpfs,write,17,0.000008585
tmpfs,tmpfs,write,18,0.000005485
tmpfs,tmpfs,write,19,0.000005269
tmpfs,tmpfs,write,20,0.000007915
tmpfs,tmpfs,write,21,0.000005328
tmpfs,tmpfs,write,22,0.000008639
tmpfs,tmpfs,write,23,0.000005330
tmpfs,tmpfs,write,24,0.000009205
tmpfs,tmpfs,write,25,0.000005434
tmpfs,tmpfs,write,26,0.000007318
tmpfs,tmpfs,write,27,0.000004830
tmpfs,tmpfs,write,28,0.000027421
tmpfs,tmpfs,write,29,0.000007323
tmpfs,tmpfs,write,30,0.000008199
tmpfs,tmpfs,write,31,0.000006860
tmpfs,tmpfs,write,32,0.000008049
tmpfs,tmpfs,write,33,0.000005488
tmpfs,tmpfs,write,34,0.000005356
tmpfs,tmpfs,write,35,0.000006530
tmpfs,tmpfs,write,36,0.000005364
tmpfs,tmpfs,write,37,0.000008053
tmpfs,tmpfs,write,38,0.000008112
tmpfs,tmpfs,write,39,0.000007926
tmpfs,tmpfs,write,40,0.000007221
tmpfs,tmpfs,write,41,0.000005743
tmpfs,tmpfs,write,42,0.000005764
tmpfs,tmpfs,write,43,0.000006180
tmpfs,tmpfs,write,44,0.000005811
tmpfs,tmpfs,write,45,0.000005528
tmpfs,tmpfs,write,46,0.000007943
tmpfs,tmpfs,write,47,0.000006042
tmpfs,tmpfs,write,48,0.000005571
tmpfs,tmpfs,write,49,0.000008653
tmpfs,tmpfs,write,50,0.000005898
tmpfs,tmpfs,write,51,0.000009199
tmpfs,tmpfs,write,52,0.000005816
tmpfs,tmpfs,write,53,0.000004928
tmpfs,tmpfs,write,54,0.000006012
tmpfs,tmpfs,write,55,0.000006130
tmpfs,tmpfs,write,56,0.000010312
tmpfs,tmpfs,write,57,0.000005299
tmpfs,tmpfs,write,58,0.000005522
tmpfs,tmpfs,write,59,0.000005601
tmpfs,tmpfs,write,60,0.000006268
tmpfs,tmpfs,write,61,0.000008589
tmpfs,tmpfs,write,62,0.000008305
tmpfs,tmpfs,write,63,0.000007953
tmpfs,tmpfs,write,64,0.000006204
tmpfs,tmpfs,write,65,0.000005688
tmpfs,tmpfs,write,66,0.000005825
tmpfs,tmpfs,write,67,0.000006144
tmpfs,tmpfs,write,68,0.000005969
tmpfs,tmpfs,write,69,0.000008263
tmpfs,tmpfs,write,70,0.000006395
tmpfs,tmpfs,write,71,0.000006964
tmpfs,tmpfs,write,72,0.000008052
tmpfs,tmpfs,write,73,0.000006038
tmpfs,tmpfs,write,74,0.000005070
tmpfs,tmpfs,write,75,0.000011062
tmpfs,tmpfs,write,76,0.000006022
tmpfs,tmpfs,write,77,0.000010235
tmpfs,tmpfs,write,78,0.000005490
tmpfs,tmpfs,write,79,0.000007855
tmpfs,tmpfs,write,80,0.000007814
tmpfs,tmpfs,write,81,0.000004880
tmpfs,tmpfs,write,82,0.000006300
tmpfs,tmpfs,write,83,0.000008368
tmpfs,tmpfs,write,84,0.000006580
tmpfs,tmpfs,write,85,0.000007554
tmpfs,tmpfs,write,86,0.000004950
tmpfs,tmpfs,write,87,0.000005936
tmpfs,tmpfs,write,88,0.000005984
tmpfs,tmpfs,write,89,0.000005620
tmpfs,tmpfs,write,90,0.000008532
tmpfs,tmpfs,write,91,0.000007379
tmpfs,tmpfs,write,92,0.000005833
tmpfs,tmpfs,write,93,0.000007898
tmpfs,tmpfs,write,94,0.000008455
tmpfs,tmpfs,write,95,0.000007372
tmpfs,tmpfs,write,96,0.000006438
tmpfs,tmpfs,write,97,0.000008689
tmpfs,tmpfs,write,98,0.000006103
tmpfs,tmpfs,write,99,0.000006739
tmpfs,tmpfs,write,100,0.000006411
tmpfs,tmpfs,write,101,0.000008432
tmpfs,tmpfs,write,102,0.000007094
tmpfs,tmpfs,write,103,0.000005103
tmpfs,tmpfs,write,104,0.000005715
tmpfs,tmpfs,write,105,0.000006505
tmpfs,tmpfs,write,106,0.000005993
tmpfs,tmpfs,write,107,0.000008533
tmpfs,tmpfs,write,108,0.000005473
tmpfs,tmpfs,write,109,0.000008800
tmpfs,tmpfs,write,110,0.000009079
tmpfs,tmpfs,write,111,0.000005720
tmpfs,tmpfs,write,112,0.000006408
tmpfs,tmpfs,write,113,0.000005539
tmpfs,tmpfs,write,114,0.000008862
tmpfs,tmpfs,write,115,0.000007001
tmpfs,tmpfs,write,116,0.000005949
tmpfs,tmpfs,write,117,0.000005375
tmpfs,tmpfs,write,118,0.000005822
tmpfs,tmpfs,write,119,0.000005787
tmpfs,tmpfs,write,120,0.000007037
tmpfs,tmpfs,write,121,0.000005984
tmpfs,tmpfs,write,122,0.000005521
tmpfs,tmpfs,write,123,0.000006537
tmpfs,tmpfs,write,124,0.000006522
tmpfs,tmpfs,write,125,0.000008885
tmpfs,tmpfs,write,126,0.000006027
tmpfs,tmpfs,write,127,0.000008379
tmpfs,tmpfs,write,128,0.000006130
tmpfs,tmpfs,write,129,0.000006320
tmpfs,tmpfs,write,130,0.000015882
tmpfs,tmpfs,write,131,0.000009715
tmpfs,tmpfs,write,132,0.000008920
tmpfs,tmpfs,write,133,0.000010563
tmpfs,tmpfs,write,134,0.000006013
tmpfs,tmpfs,write,135,0.000006291
tmpfs,tmpfs,write,136,0.000009278
tmpfs,tmpfs,write,137,0.000006248
tmpfs,tmpfs,write,138,0.000005843
tmpfs,tmpfs,write,139,0.000007938
tmpfs,tmpfs,write,140,0.000012614
tmpfs,tmpfs,write,141,0.000005601
tmpfs,tmpfs,write,142,0.000008686
tmpfs,tmpfs,write,143,0.000005800
tmpfs,tmpfs,write,144,0.000010093
tmpfs,tmpfs,write,145,0.000007453
tmpfs,tmpfs,write,146,0.000005613
tmpfs,tmpfs,write,147,0.000012753
tmpfs,tmpfs,write,148,0.000005695
tmpfs,tmpfs,write,149,0.000005565
tmpfs,tmpfs,write,150,0.000029492
tmpfs,tmpfs,write,151,0.000005478
tmpfs,tmpfs,write,152,0.000005546
tmpfs,tmpfs,write,153,0.000007301
tmpfs,tmpfs,write,154,0.000006310
tmpfs,tmpfs,write,155,0.000007936
tmpfs,tmpfs,write,156,0.000005618
tmpfs,tmpfs,write,157,0.000006338
tmpfs,tmpfs,write,158,0.000010115
tmpfs,tmpfs,write,159,0.000006099
tmpfs,tmpfs,write,160,0.000007915
tmpfs,tmpfs,write,161,0.000008476
tmpfs,tmpfs,write,162,0.000006199
tmpfs,tmpfs,write,163,0.000005411
tmpfs,tmpfs,write,164,0.000007341
tmpfs,tmpfs,write,165,0.000006080
tmpfs,tmpfs,write,166,0.000005633
tmpfs,tmpfs,write,167,0.000005869
tmpfs,tmpfs,write,168,0.000005645
tmpfs,tmpfs,write,169,0.000005847
tmpfs,tmpfs,write,170,0.000009281
tmpfs,tmpfs,write,171,0.000005832
tmpfs,tmpfs,write,172,0.000005542
tmpfs,tmpfs,write,173,0.000005563
tmpfs,tmpfs,write,174,0.000012538
tmpfs,tmpfs,write,175,0.000006425
tmpfs,tmpfs,write,176,0.000006850
tmpfs,tmpfs,write,177,0.000006386
tmpfs,tmpfs,write,178,0.000005926
tmpfs,tmpfs,write,179,0.000008465
tmpfs,tmpfs,write,180,0.000009282
tmpfs,tmpfs,write,181,0.000005528
tmpfs,tmpfs,write,182,0.000008435
tmpfs,tmpfs,write,183,0.000008994
tmpfs,tmpfs,write,184,0.000005964
tmpfs,tmpfs,write,185,0.000005998
tmpfs,tmpfs,write,186,0.000008625
tmpfs,tmpfs,write,187,0.000011765
tmpfs,tmpfs,write,188,0.000009589
tmpfs,tmpfs,write,189,0.000005573
tmpfs,tmpfs,write,190,0.000009477
tmpfs,tmpfs,write,191,0.000006412
tmpfs,tmpfs,write,192,0.000005706
tmpfs,tmpfs,write,193,0.000008436
tmpfs,tmpfs,write,194,0.000005877
tmpfs,tmpfs,write,195,0.000009695
tmpfs,tmpfs,write,196,0.000005901
tmpfs,tmpfs,write,197,0.000006067
tmpfs,tmpfs,write,198,0.000006098
tmpfs,tmpfs,write,199,0.000005575
tmpfs,tmpfs,write,200,0.000007195
tmpfs,tmpfs,getattr,1,0.000001486
tmpfs,tmpfs,getattr,2,0.000001533
tmpfs,tmpfs,getattr,3,0.000001422
tmpfs,tmpfs,getattr,4,0.000001412
tmpfs,tmpfs,getattr,5,0.000001395
tmpfs,tmpfs,getattr,6,0.000001428
tmpfs,tmpfs,getattr,7,0.000001463
tmpfs,tmpfs,getattr,8,0.000001523
tmpfs,tmpfs,getattr,9,0.000001662
tmpfs,tmpfs,getattr,10,0.000001423
tmpfs,tmpfs,getattr,11,0.000001461
tmpfs,tmpfs,getattr,12,0.000001372
tmpfs,tmpfs,getattr,13,0.000001400
tmpfs,tmpfs,getattr,14,0.000001524
tmpfs,tmpfs,getattr,15,0.000001388
tmpfs,tmpfs,getattr,16,0.000001473
tmpfs,tmpfs,getattr,17,0.000001519
tmpfs,tmpfs,getattr,18,0.000002187
tmpfs,tmpfs,getattr,19,0.000001874
tmpfs,tmpfs,getattr,20,0.000001481
tmpfs,tmpfs,getattr,21,0.000001462
tmpfs,tmpfs,getattr,22,0.000001491
tmpfs,tmpfs,getattr,23,0.000001468
tmpfs,tmpfs,getattr,24,0.000001427
tmpfs,tmpfs,getattr,25,0.000001315
tmpfs,tmpfs,getattr,26,0.000001371
tmpfs,tmpfs,getattr,27,0.000001453
tmpfs,tmpfs,getattr,28,0.000001391
tmpfs,tmpfs,getattr,29,0.000001535
tmpfs,tmpfs,getattr,30,0.000001595
tmpfs,tmpfs,getattr,31,0.000001521
tmpfs,tmpfs,getattr,32,0.000001461
tmpfs,tmpfs,getattr,33,0.000001451
tmpfs,tmpfs,getattr,34,0.000001391
tmpfs,tmpfs,getattr,35,0.000001454
tmpfs,tmpfs,getattr,36,0.000001460
tmpfs,tmpfs,getattr,37,0.000001511
tmpfs,tmpfs,getattr,38,0.000001452
tmpfs,tmpfs,getattr,39,0.000001435
tmpfs,tmpfs,getattr,40,0.000001445
tmpfs,tmpfs,getattr,41,0.000001564
tmpfs,tmpfs,getattr,42,0.000001480
tmpfs,tmpfs,getattr,43,0.000001550
tmpfs,tmpfs,getattr,44,0.000001409
tmpfs,tmpfs,getattr,45,0.000001527
tmpfs,tmpfs,getattr,46,0.000001515
tmpfs,tmpfs,getattr,47,0.000002486
tmpfs,tmpfs,getattr,48,0.000001368
tmpfs,tmpfs,getattr,49,0.000001497
tmpfs,tmpfs,getattr,50,0.000001491
tmpfs,tmpfs,getattr,51,0.000001883
tmpfs,tmpfs,getattr,52,0.000001426
tmpfs,tmpfs,getattr,53,0.000001693
tmpfs,tmpfs,getattr,54,0.000001491
tmpfs,tmpfs,getattr,55,0.000001416
tmpfs,tmpfs,getattr,56,0.000001612
tmpfs,tmpfs,getattr,57,0.000001640
tmpfs,tmpfs,getattr,58,0.000001420
tmpfs,tmpfs,getattr,59,0.000001468
tmpfs,tmpfs,getattr,60,0.000001349
tmpfs,tmpfs,getattr,61,0.000001441
tmpfs,tmpfs,getattr,62,0.000001697
tmpfs,tmpfs,getattr,63,0.000001413
tmpfs,tmpfs,getattr,64,0.000002143
tmpfs,tmpfs,getattr,65,0.000001469
tmpfs,tmpfs,getattr,66,0.000001280
tmpfs,tmpfs,getattr,67,0.000001542
tmpfs,tmpfs,getattr,68,0.000001408
tmpfs,tmpfs,getattr,69,0.000001419
tmpfs,tmpfs,getattr,70,0.000001416
tmpfs,tmpfs,getattr,71,0.000001463
tmpfs,tmpfs,getattr,72,0.000001461
tmpfs,tmpfs,getattr,73,0.000001421
tmpfs,tmpfs,getattr,74,0.000001753
tmpfs,tmpfs,getattr,75,0.000001825
tmpfs,tmpfs,getattr,76,0.000002732
tmpfs,tmpfs,getattr,77,0.000001478
tmpfs,tmpfs,getattr,78,0.000001501
tmpfs,tmpfs,getattr,79,0.000001433
tmpfs,tmpfs,getattr,80,0.000001402
tmpfs,tmpfs,getattr,81,0.000001480
tmpfs,tmpfs,getattr,82,0.000001402
tmpfs,tmpfs,getattr,83,0.000001332
tmpfs,tmpfs,getattr,84,0.000001552
tmpfs,tmpfs,getattr,85,0.000001557
tmpfs,tmpfs,getattr,86,0.000001912
tmpfs,tmpfs,getattr,87,0.000001346
tmpfs,tmpfs,getattr,88,0.000001526
tmpfs,tmpfs,getattr,89,0.000001503
tmpfs,tmpfs,getattr,90,0.000001404
tmpfs,tmpfs,getattr,91,0.000001522
tmpfs,tmpfs,getattr,92,0.000001400
tmpfs,tmpfs,getattr,93,0.000001565
tmpfs,tmpfs,getattr,94,0.000001434
tmpfs,tmpfs,getattr,95,0.000001414
tmpfs,tmpfs,getattr,96,0.000001360
tmpfs,tmpfs,getattr,97,0.000001335
tmpfs,tmpfs,getattr,98,0.000001579
tmpfs,tmpfs,getattr,99,0.000001583
tmpfs,tmpfs,getattr,100,0.000001427
tmpfs,tmpfs,getattr,101,0.000002107
tmpfs,tmpfs,getattr,102,0.000001460
tmpfs,tmpfs,getattr,103,0.000001463
tmpfs,tmpfs,getattr,104,0.000001413
tmpfs,tmpfs,getattr,105,0.000001659
tmpfs,tmpfs,getattr,106,0.000001495
tmpfs,tmpfs,getattr,107,0.000002068
tmpfs,tmpfs,getattr,108,0.000001375
tmpfs,tmpfs,getattr,109,0.000001402
tmpfs,tmpfs,getattr,110,0.000001476
tmpfs,tmpfs,getattr,111,0.000001448
tmpfs,tmpfs,getattr,112,0.000001524
tmpfs,tmpfs,getattr,113,0.000001379
tmpfs,tmpfs,getattr,114,0.000001584
tmpfs,tmpfs,getattr,115,0.000001390
tmpfs,tmpfs,getattr,116,0.000001524
tmpfs,tmpfs,getattr,117,0.000001495
tmpfs,tmpfs,getattr,118,0.000001684
tmpfs,tmpfs,getattr,119,0.000001481
tmpfs,tmpfs,getattr,120,0.000001491
tmpfs,tmpfs,getattr,121,0.000001298
tmpfs,tmpfs,getattr,122,0.000001508
tmpfs,tmpfs,getattr,123,0.000001498
tmpfs,tmpfs,getattr,124,0.000001463
tmpfs,tmpfs,getattr,125,0.000001396
tmpfs,tmpfs,getattr,126,0.000001411
tmpfs,tmpfs,getattr,127,0.000001413
tmpfs,tmpfs,getattr,128,0.000001468
tmpfs,tmpfs,getattr,129,0.000001530
tmpfs,tmpfs,getattr,130,0.000001451
tmpfs,tmpfs,getattr,131,0.000001366
tmpfs,tmpfs,getattr,132,0.000001600
tmpfs,tmpfs,getattr,133,0.000001411
tmpfs,tmpfs,getattr,134,0.000001996
tmpfs,tmpfs,getattr,135,0.000001567
tmpfs,tmpfs,getattr,136,0.000001416
tmpfs,tmpfs,getattr,137,0.000001260
tmpfs,tmpfs,getattr,138,0.000001611
tmpfs,tmpfs,getattr,139,0.000001384
tmpfs,tmpfs,getattr,140,0.000001412
tmpfs,tmpfs,getattr,141,0.000001435
tmpfs,tmpfs,getattr,142,0.000001386
tmpfs,tmpfs,getattr,143,0.000001479
tmpfs,tmpfs,getattr,144,0.000001411
tmpfs,tmpfs,getattr,145,0.000001541
tmpfs,tmpfs,getattr,146,0.000001540
tmpfs,tmpfs,getattr,147,0.000001443
tmpfs,tmpfs,getattr,148,0.000001367
tmpfs,tmpfs,getattr,149,0.000001454
tmpfs,tmpfs,getattr,150,0.000001426
tmpfs,tmpfs,getattr,151,0.000001489
tmpfs,tmpfs,getattr,152,0.000001470
tmpfs,tmpfs,getattr,153,0.000001370
tmpfs,tmpfs,getattr,154,0.000001362
tmpfs,tmpfs,getattr,155,0.000001391
tmpfs,tmpfs,getattr,156,0.000001469
tmpfs,tmpfs,getattr,157,0.000001394
tmpfs,tmpfs,getattr,158,0.000001534
tmpfs,tmpfs,getattr,159,0.000001397
tmpfs,tmpfs,getattr,160,0.000001438
tmpfs,tmpfs,getattr,161,0.000001437
tmpfs,tmpfs,getattr,162,0.000001378
tmpfs,tmpfs,getattr,163,0.000001413
tmpfs,tmpfs,getattr,164,0.000001501
tmpfs,tmpfs,getattr,165,0.000001804
tmpfs,tmpfs,getattr,166,0.000001575
tmpfs,tmpfs,getattr,167,0.000001529
tmpfs,tmpfs,getattr,168,0.000001508
tmpfs,tmpfs,getattr,169,0.000001559
tmpfs,tmpfs,getattr,170,0.000001506
tmpfs,tmpfs,getattr,171,0.000001578
tmpfs,tmpfs,getattr,172,0.000001576
tmpfs,tmpfs,getattr,173,0.000001467
tmpfs,tmpfs,getattr,174,0.000001462
tmpfs,tmpfs,getattr,175,0.000001472
tmpfs,tmpfs,getattr,176,0.000001357
tmpfs,tmpfs,getattr,177,0.000001450
tmpfs,tmpfs,getattr,178,0.000001491
tmpfs,tmpfs,getattr,179,0.000001402
tmpfs,tmpfs,getattr,180,0.000001409
tmpfs,tmpfs,getattr,181,0.000001494
tmpfs,tmpfs,getattr,182,0.000001457
tmpfs,tmpfs,getattr,183,0.000001460
tmpfs,tmpfs,getattr,184,0.000001352
tmpfs,tmpfs,getattr,185,0.000001398
tmpfs,tmpfs,getattr,186,0.000001641
tmpfs,tmpfs,getattr,187,0.000001473
tmpfs,tmpfs,getattr,188,0.000001344
tmpfs,tmpfs,getattr,189,0.000001469
tmpfs,tmpfs,getattr,190,0.000001465
tmpfs,tmpfs,getattr,191,0.000001433
tmpfs,tmpfs,getattr,192,0.000001549
tmpfs,tmpfs,getattr,193,0.000001470
tmpfs,tmpfs,getattr,194,0.000001444
tmpfs,tmpfs,getattr,195,0.000001395
tmpfs,tmpfs,getattr,196,0.000001593
tmpfs,tmpfs,getattr,197,0.000001327
tmpfs,tmpfs,getattr,198,0.000001437
tmpfs,tmpfs,getattr,199,0.000001777
tmpfs,tmpfs,getattr,200,0.000001436
fuse_passthrough,fuse,open,1,0.000334380
fuse_passthrough,fuse,open,2,0.000422929
fuse_passthrough,fuse,open,3,0.000430270
fuse_passthrough,fuse,open,4,0.000534054
fuse_passthrough,fuse,open,5,0.000406983
fuse_passthrough,fuse,open,6,0.000392366
fuse_passthrough,fuse,open,7,0.000583772
fuse_passthrough,fuse,open,8,0.000505490
fuse_passthrough,fuse,open,9,0.000544835
fuse_passthrough,fuse,open,10,0.000392187
fuse_passthrough,fuse,open,11,0.000576665
fuse_passthrough,fuse,open,12,0.000430791
fuse_passthrough,fuse,open,13,0.000435624
fuse_passthrough,fuse,open,14,0.000438571
fuse_passthrough,fuse,open,15,0.000434477
fuse_passthrough,fuse,open,16,0.000504024
fuse_passthrough,fuse,open,17,0.000465079
fuse_passthrough,fuse,open,18,0.000388167
fuse_passthrough,fuse,open,19,0.000549753
fuse_passthrough,fuse,open,20,0.000506086
fuse_passthrough,fuse,open,21,0.000451014
fuse_passthrough,fuse,open,22,0.000513404
fuse_passthrough,fuse,open,23,0.000461678
fuse_passthrough,fuse,open,24,0.000438332
fuse_passthrough,fuse,open,25,0.000540102
fuse_passthrough,fuse,open,26,0.000367119
fuse_passthrough,fuse,open,27,0.000332390
fuse_passthrough,fuse,open,28,0.000481004
fuse_passthrough,fuse,open,29,0.000602570
fuse_passthrough,fuse,open,30,0.000385614
fuse_passthrough,fuse,open,31,0.000617543
fuse_passthrough,fuse,open,32,0.000519807
fuse_passthrough,fuse,open,33,0.000441544
fuse_passthrough,fuse,open,34,0.000430831
fuse_passthrough,fuse,open,35,0.000512559
fuse_passthrough,fuse,open,36,0.000564519
fuse_passthrough,fuse,open,37,0.000439693
fuse_passthrough,fuse,open,38,0.000544122
fuse_passthrough,fuse,open,39,0.000487181
fuse_passthrough,fuse,open,40,0.000419484
fuse_passthrough,fuse,open,41,0.000365041
fuse_passthrough,fuse,open,42,0.000434949
fuse_passthrough,fuse,open,43,0.000284133
fuse_passthrough,fuse,open,44,0.000330735
fuse_passthrough,fuse,open,45,0.000521210
fuse_passthrough,fuse,open,46,0.000514834
fuse_passthrough,fuse,open,47,0.000607907
fuse_passthrough,fuse,open,48,0.000406469
fuse_passthrough,fuse,open,49,0.000327919
fuse_passthrough,fuse,open,50,0.000613602
fuse_passthrough,fuse,open,51,0.000500186
fuse_passthrough,fuse,open,52,0.000326041
fuse_passthrough,fuse,open,53,0.000408867
fuse_passthrough,fuse,open,54,0.000369085
fuse_passthrough,fuse,open,55,0.000418255
fuse_passthrough,fuse,open,56,0.000405082
fuse_passthrough,fuse,open,57,0.000440504
fuse_passthrough,fuse,open,58,0.000579275
fuse_passthrough,fuse,open,59,0.000539981
fuse_passthrough,fuse,open,60,0.000461554
fuse_passthrough,fuse,open,61,0.000486688
fuse_passthrough,fuse,open,62,0.000363423
fuse_passthrough,fuse,open,63,0.000395067
fuse_passthrough,fuse,open,64,0.000470185
fuse_passthrough,fuse,open,65,0.000444661
fuse_passthrough,fuse,open,66,0.000476925
fuse_passthrough,fuse,open,67,0.000382590
fuse_passthrough,fuse,open,68,0.000349594
fuse_passthrough,fuse,open,69,0.000478119
fuse_passthrough,fuse,open,70,0.000454249
fuse_passthrough,fuse,open,71,0.000259688
fuse_passthrough,fuse,open,72,0.000349097
fuse_passthrough,fuse,open,73,0.000335119
fuse_passthrough,fuse,open,74,0.000368989
fuse_passthrough,fuse,open,75,0.000472740
fuse_passthrough,fuse,open,76,0.000555739
fuse_passthrough,fuse,open,77,0.000571551
fuse_passthrough,fuse,open,78,0.000522839
fuse_passthrough,fuse,open,79,0.000269064
fuse_passthrough,fuse,open,80,0.000429252
fuse_passthrough,fuse,open,81,0.000465136
fuse_passthrough,fuse,open,82,0.000442487
fuse_passthrough,fuse,open,83,0.000528621
fuse_passthrough,fuse,open,84,0.000529045
fuse_passthrough,fuse,open,85,0.000433790
fuse_passthrough,fuse,open,86,0.000332915
fuse_passthrough,fuse,open,87,0.000468046
fuse_passthrough,fuse,open,88,0.000526627
fuse_passthrough,fuse,open,89,0.000376152
fuse_passthrough,fuse,open,90,0.000424088
fuse_passthrough,fuse,open,91,0.000459282
fuse_passthrough,fuse,open,92,0.000402765
fuse_passthrough,fuse,open,93,0.000265233
fuse_passthrough,fuse,open,94,0.000408896
fuse_passthrough,fuse,open,95,0.000444358
fuse_passthrough,fuse,open,96,0.000401455
fuse_passthrough,fuse,open,97,0.000385834
fuse_passthrough,fuse,open,98,0.000322962
fuse_passthrough,fuse,open,99,0.000429915
fuse_passthrough,fuse,open,100,0.000444755
fuse_passthrough,fuse,open,101,0.000288649
fuse_passthrough,fuse,open,102,0.000384470
fuse_passthrough,fuse,open,103,0.000464819
fuse_passthrough,fuse,open,104,0.000477103
fuse_passthrough,fuse,open,105,0.000532987
fuse_passthrough,fuse,open,106,0.000391236
fuse_passthrough,fuse,open,107,0.000427153
fuse_passthrough,fuse,open,108,0.000353496
fuse_passthrough,fuse,open,109,0.000398481
fuse_passthrough,fuse,open,110,0.000380701
fuse_passthrough,fuse,open,111,0.000351594
fuse_passthrough,fuse,open,112,0.000305755
fuse_passthrough,fuse,open,113,0.000410068
fuse_passthrough,fuse,open,114,0.000339136
fuse_passthrough,fuse,open,115,0.000414489
fuse_passthrough,fuse,open,116,0.000457119
fuse_passthrough,fuse,open,117,0.000471145
fuse_passthrough,fuse,open,118,0.000412700
fuse_passthrough,fuse,open,119,0.000475197
fuse_passthrough,fuse,open,120,0.000486823
fuse_passthrough,fuse,open,121,0.000482535
fuse_passthrough,fuse,open,122,0.000490399
fuse_passthrough,fuse,open,123,0.000480839
fuse_passthrough,fuse,open,124,0.000389844
fuse_passthrough,fuse,open,125,0.000466122
fuse_passthrough,fuse,open,126,0.000444463
fuse_passthrough,fuse,open,127,0.000463481
fuse_passthrough,fuse,open,128,0.000179474
fuse_passthrough,fuse,open,129,0.000599066
fuse_passthrough,fuse,open,130,0.000382723
fuse_passthrough,fuse,open,131,0.000470438
fuse_passthrough,fuse,open,132,0.000435807
fuse_passthrough,fuse,open,133,0.000421193
fuse_passthrough,fuse,open,134,0.000426155
fuse_passthrough,fuse,open,135,0.000420250
fuse_passthrough,fuse,open,136,0.000474404
fuse_passthrough,fuse,open,137,0.000479395
fuse_passthrough,fuse,open,138,0.000439282
fuse_passthrough,fuse,open,139,0.000416477
fuse_passthrough,fuse,open,140,0.000574582
fuse_passthrough,fuse,open,141,0.000388322
fuse_passthrough,fuse,open,142,0.000394890
fuse_passthrough,fuse,open,143,0.000566481
fuse_passthrough,fuse,open,144,0.000463951
fuse_passthrough,fuse,open,145,0.000373919
fuse_passthrough,fuse,open,146,0.000360453
fuse_passthrough,fuse,open,147,0.000455504
fuse_passthrough,fuse,open,148,0.000558578
fuse_passthrough,fuse,open,149,0.000507023
fuse_passthrough,fuse,open,150,0.000565162
fuse_passthrough,fuse,open,151,0.000393865
fuse_passthrough,fuse,open,152,0.000462472
fuse_passthrough,fuse,open,153,0.000356639
fuse_passthrough,fuse,open,154,0.000374843
fuse_passthrough,fuse,open,155,0.000374002
fuse_passthrough,fuse,open,156,0.000461764
fuse_passthrough,fuse,open,157,0.000452008
fuse_passthrough,fuse,open,158,0.000386532
fuse_passthrough,fuse,open,159,0.000428325
fuse_passthrough,fuse,open,160,0.000336600
fuse_passthrough,fuse,open,161,0.000473919
fuse_passthrough,fuse,open,162,0.000419018
fuse_passthrough,fuse,open,163,0.000263428
fuse_passthrough,fuse,open,164,0.000376975
fuse_passthrough,fuse,open,165,0.000443002
fuse_passthrough,fuse,open,166,0.000373884
fuse_passthrough,fuse,open,167,0.000448968
fuse_passthrough,fuse,open,168,0.000480651
fuse_passthrough,fuse,open,169,0.000280117
fuse_passthrough,fuse,open,170,0.000332084
fuse_passthrough,fuse,open,171,0.000392219
fuse_passthrough,fuse,open,172,0.000221241
fuse_passthrough,fuse,open,173,0.000358582
fuse_passthrough,fuse,open,174,0.000247979
fuse_passthrough,fuse,open,175,0.000420217
fuse_passthrough,fuse,open,176,0.000352054
fuse_passthrough,fuse,open,177,0.000275413
fuse_passthrough,fuse,open,178,0.000331243
fuse_passthrough,fuse,open,179,0.000255399
fuse_passthrough,fuse,open,180,0.000475729
fuse_passthrough,fuse,open,181,0.000476005
fuse_passthrough,fuse,open,182,0.000293465
fuse_passthrough,fuse,open,183,0.000376066
fuse_passthrough,fuse,open,184,0.000294882
fuse_passthrough,fuse,open,185,0.000402935
fuse_passthrough,fuse,open,186,0.000466332
fuse_passthrough,fuse,open,187,0.000379613
fuse_passthrough,fuse,open,188,0.000605732
fuse_passthrough,fuse,open,189,0.000450163
fuse_passthrough,fuse,open,190,0.000429395
fuse_passthrough,fuse,open,191,0.000407014
fuse_passthrough,fuse,open,192,0.000370156
fuse_passthrough,fuse,open,193,0.000453116
fuse_passthrough,fuse,open,194,0.000598693
fuse_passthrough,fuse,open,195,0.000470604
fuse_passthrough,fuse,open,196,0.000465343
fuse_passthrough,fuse,open,197,0.000371072
fuse_passthrough,fuse,open,198,0.000362234
fuse_passthrough,fuse,open,199,0.000373983
fuse_passthrough,fuse,open,200,0.000310882
fuse_passthrough,fuse,read,1,0.000300756
fuse_passthrough,fuse,read,2,0.000163998
fuse_passthrough,fuse,read,3,0.000149933
fuse_passthrough,fuse,read,4,0.000121051
fuse_passthrough,fuse,read,5,0.000179086
fuse_passthrough,fuse,read,6,0.000069603
fuse_passthrough,fuse,read,7,0.000073120
fuse_passthrough,fuse,read,8,0.000102374
fuse_passthrough,fuse,read,9,0.000156820
fuse_passthrough,fuse,read,10,0.000077153
fuse_passthrough,fuse,read,11,0.000134507
fuse_passthrough,fuse,read,12,0.000140595
fuse_passthrough,fuse,read,13,0.000136302
fuse_passthrough,fuse,read,14,0.000069486
fuse_passthrough,fuse,read,15,0.000176003
fuse_passthrough,fuse,read,16,0.000142317
fuse_passthrough,fuse,read,17,0.000068950
fuse_passthrough,fuse,read,18,0.000140057
fuse_passthrough,fuse,read,19,0.000077120
fuse_passthrough,fuse,read,20,0.000070028
fuse_passthrough,fuse,read,21,0.000098242
fuse_passthrough,fuse,read,22,0.000161354
fuse_passthrough,fuse,read,23,0.000079430
fuse_passthrough,fuse,read,24,0.000144458
fuse_passthrough,fuse,read,25,0.000056703
fuse_passthrough,fuse,read,26,0.000140477
fuse_passthrough,fuse,read,27,0.000103162
fuse_passthrough,fuse,read,28,0.000139464
fuse_passthrough,fuse,read,29,0.000178219
fuse_passthrough,fuse,read,30,0.000173568
fuse_passthrough,fuse,read,31,0.000174367
fuse_passthrough,fuse,read,32,0.000218798
fuse_passthrough,fuse,read,33,0.000070720
fuse_passthrough,fuse,read,34,0.000133982
fuse_passthrough,fuse,read,35,0.000204897
fuse_passthrough,fuse,read,36,0.000071731
fuse_passthrough,fuse,read,37,0.000154924
fuse_passthrough,fuse,read,38,0.000069049
fuse_passthrough,fuse,read,39,0.000134491
fuse_passthrough,fuse,read,40,0.000071874
fuse_passthrough,fuse,read,41,0.000168860
fuse_passthrough,fuse,read,42,0.000140894
fuse_passthrough,fuse,read,43,0.000235732
fuse_passthrough,fuse,read,44,0.000123589
fuse_passthrough,fuse,read,45,0.000102166
fuse_passthrough,fuse,read,46,0.000177863
fuse_passthrough,fuse,read,47,0.000105971
fuse_passthrough,fuse,read,48,0.000189234
fuse_passthrough,fuse,read,49,0.000165709
fuse_passthrough,fuse,read,50,0.000126616
fuse_passthrough,fuse,read,51,0.000151008
fuse_passthrough,fuse,read,52,0.000235343
fuse_passthrough,fuse,read,53,0.000070572
fuse_passthrough,fuse,read,54,0.000072682
fuse_passthrough,fuse,read,55,0.000150372
fuse_passthrough,fuse,read,56,0.000132908
fuse_passthrough,fuse,read,57,0.000132533
fuse_passthrough,fuse,read,58,0.000152571
fuse_passthrough,fuse,read,59,0.000131121
fuse_passthrough,fuse,read,60,0.000152761
fuse_passthrough,fuse,read,61,0.000119606
fuse_passthrough,fuse,read,62,0.000144835
fuse_passthrough,fuse,read,63,0.000142066
fuse_passthrough,fuse,read,64,0.000125415
fuse_passthrough,fuse,read,65,0.000132010
fuse_passthrough,fuse,read,66,0.000162998
fuse_passthrough,fuse,read,67,0.000147325
fuse_passthrough,fuse,read,68,0.000122990
fuse_passthrough,fuse,read,69,0.000196037
fuse_passthrough,fuse,read,70,0.000135836
fuse_passthrough,fuse,read,71,0.000139658
fuse_passthrough,fuse,read,72,0.000097238
fuse_passthrough,fuse,read,73,0.000265621
fuse_passthrough,fuse,read,74,0.000093013
fuse_passthrough,fuse,read,75,0.000149650
fuse_passthrough,fuse,read,76,0.000162144
fuse_passthrough,fuse,read,77,0.000068360
fuse_passthrough,fuse,read,78,0.000088181
fuse_passthrough,fuse,read,79,0.000148177
fuse_passthrough,fuse,read,80,0.000069778
fuse_passthrough,fuse,read,81,0.000139777
fuse_passthrough,fuse,read,82,0.000191570
fuse_passthrough,fuse,read,83,0.000168573
fuse_passthrough,fuse,read,84,0.000072089
fuse_passthrough,fuse,read,85,0.000084177
fuse_passthrough,fuse,read,86,0.000162100
fuse_passthrough,fuse,read,87,0.000176352
fuse_passthrough,fuse,read,88,0.000121173
fuse_passthrough,fuse,read,89,0.000098808
fuse_passthrough,fuse,read,90,0.000188907
fuse_passthrough,fuse,read,91,0.000144219
fuse_passthrough,fuse,read,92,0.000071623
fuse_passthrough,fuse,read,93,0.000193438
fuse_passthrough,fuse,read,94,0.000114973
fuse_passthrough,fuse,read,95,0.000238919
fuse_passthrough,fuse,read,96,0.000128698
fuse_passthrough,fuse,read,97,0.000146687
fuse_passthrough,fuse,read,98,0.000253936
fuse_passthrough,fuse,read,99,0.000091156
fuse_passthrough,fuse,read,100,0.000171267
fuse_passthrough,fuse,read,101,0.000072623
fuse_passthrough,fuse,read,102,0.000139949
fuse_passthrough,fuse,read,103,0.000152924
fuse_passthrough,fuse,read,104,0.000239270
fuse_passthrough,fuse,read,105,0.000232998
fuse_passthrough,fuse,read,106,0.000098312
fuse_passthrough,fuse,read,107,0.000133486
fuse_passthrough,fuse,read,108,0.000161571
fuse_passthrough,fuse,read,109,0.000146725
fuse_passthrough,fuse,read,110,0.000056011
fuse_passthrough,fuse,read,111,0.000175114
fuse_passthrough,fuse,read,112,0.000082850
fuse_passthrough,fuse,read,113,0.000166482
fuse_passthrough,fuse,read,114,0.000152614
fuse_passthrough,fuse,read,115,0.000161085
fuse_passthrough,fuse,read,116,0.000100243
fuse_passthrough,fuse,read,117,0.000201471
fuse_passthrough,fuse,read,118,0.000079575
fuse_passthrough,fuse,read,119,0.000123952
fuse_passthrough,fuse,read,120,0.000194185
fuse_passthrough,fuse,read,121,0.000119139
fuse_passthrough,fuse,read,122,0.000079454
fuse_passthrough,fuse,read,123,0.000140542
fuse_passthrough,fuse,read,124,0.000137353
fuse_passthrough,fuse,read,125,0.000179588
fuse_passthrough,fuse,read,126,0.000138828
fuse_passthrough,fuse,read,127,0.000207651
fuse_passthrough,fuse,read,128,0.000117276
fuse_passthrough,fuse,read,129,0.000083391
fuse_passthrough,fuse,read,130,0.000108410
fuse_passthrough,fuse,read,131,0.000170824
fuse_passthrough,fuse,read,132,0.000180371
fuse_passthrough,fuse,read,133,0.000107274
fuse_passthrough,fuse,read,134,0.000084913
fuse_passthrough,fuse,read,135,0.000141987
fuse_passthrough,fuse,read,136,0.000144258
fuse_passthrough,fuse,read,137,0.000136315
fuse_passthrough,fuse,read,138,0.000168688
fuse_passthrough,fuse,read,139,0.000122244
fuse_passthrough,fuse,read,140,0.000147781
fuse_passthrough,fuse,read,141,0.000071216
fuse_passthrough,fuse,read,142,0.000152116
fuse_passthrough,fuse,read,143,0.000138656
fuse_passthrough,fuse,read,144,0.000076752
fuse_passthrough,fuse,read,145,0.000124784
fuse_passthrough,fuse,read,146,0.000089411
fuse_passthrough,fuse,read,147,0.000146667
fuse_passthrough,fuse,read,148,0.000141171
fuse_passthrough,fuse,read,149,0.000126979
fuse_passthrough,fuse,read,150,0.000222905
fuse_passthrough,fuse,read,151,0.000128697
fuse_passthrough,fuse,read,152,0.000172606
fuse_passthrough,fuse,read,153,0.000151997
fuse_passthrough,fuse,read,154,0.000093524
fuse_passthrough,fuse,read,155,0.000122462
fuse_passthrough,fuse,read,156,0.000129742
fuse_passthrough,fuse,read,157,0.000138272
fuse_passthrough,fuse,read,158,0.000096428
fuse_passthrough,fuse,read,159,0.000121852
fuse_passthrough,fuse,read,160,0.000152218
fuse_passthrough,fuse,read,161,0.000154592
fuse_passthrough,fuse,read,162,0.000086040
fuse_passthrough,fuse,read,163,0.000142283
fuse_passthrough,fuse,read,164,0.000123575
fuse_passthrough,fuse,read,165,0.000160357
fuse_passthrough,fuse,read,166,0.000136564
fuse_passthrough,fuse,read,167,0.000059062
fuse_passthrough,fuse,read,168,0.000163267
fuse_passthrough,fuse,read,169,0.000125774
fuse_passthrough,fuse,read,170,0.000188295
fuse_passthrough,fuse,read,171,0.000183512
fuse_passthrough,fuse,read,172,0.000149619
fuse_passthrough,fuse,read,173,0.000069189
fuse_passthrough,fuse,read,174,0.000128464
fuse_passthrough,fuse,read,175,0.000147848
fuse_passthrough,fuse,read,176,0.000075439
fuse_passthrough,fuse,read,177,0.000092323
fuse_passthrough,fuse,read,178,0.000150206
fuse_passthrough,fuse,read,179,0.000145167
fuse_passthrough,fuse,read,180,0.000174845
fuse_passthrough,fuse,read,181,0.000101113
fuse_passthrough,fuse,read,182,0.000192555
fuse_passthrough,fuse,read,183,0.000122163
fuse_passthrough,fuse,read,184,0.000131624
fuse_passthrough,fuse,read,185,0.000120218
fuse_passthrough,fuse,read,186,0.000160608
fuse_passthrough,fuse,read,187,0.000147445
fuse_passthrough,fuse,read,188,0.000070428
fuse_passthrough,fuse,read,189,0.000163932
fuse_passthrough,fuse,read,190,0.000176154
fuse_passthrough,fuse,read,191,0.000144531
fuse_passthrough,fuse,read,192,0.000103015
fuse_passthrough,fuse,read,193,0.000059861
fuse_passthrough,fuse,read,194,0.000133325
fuse_passthrough,fuse,read,195,0.000183750
fuse_passthrough,fuse,read,196,0.000081502
fuse_passthrough,fuse,read,197,0.000107052
fuse_passthrough,fuse,read,198,0.000081354
fuse_passthrough,fuse,read,199,0.000141008
fuse_passthrough,fuse,read,200,0.000065736
fuse_passthrough,fuse,write,1,0.000270460
fuse_passthrough,fuse,write,2,0.000106303
fuse_passthrough,fuse,write,3,0.000252697
fuse_passthrough,fuse,write,4,0.000222040
fuse_passthrough,fuse,write,5,0.000174339
fuse_passthrough,fuse,write,6,0.000108461
fuse_passthrough,fuse,write,7,0.000163705
fuse_passthrough,fuse,write,8,0.000167188
fuse_passthrough,fuse,write,9,0.000104265
fuse_passthrough,fuse,write,10,0.000152244
fuse_passthrough,fuse,write,11,0.000080848
fuse_passthrough,fuse,write,12,0.000164730
fuse_passthrough,fuse,write,13,0.000092676
fuse_passthrough,fuse,write,14,0.000172797
fuse_passthrough,fuse,write,15,0.000165796
fuse_passthrough,fuse,write,16,0.000188083
fuse_passthrough,fuse,write,17,0.000139178
fuse_passthrough,fuse,write,18,0.000080753
fuse_passthrough,fuse,write,19,0.000115022
fuse_passthrough,fuse,write,20,0.000150310
fuse_passthrough,fuse,write,21,0.000151633
fuse_passthrough,fuse,write,22,0.000285501
fuse_passthrough,fuse,write,23,0.000133388
fuse_passthrough,fuse,write,24,0.000183693
fuse_passthrough,fuse,write,25,0.000134976
fuse_passthrough,fuse,write,26,0.000182805
fuse_passthrough,fuse,write,27,0.000146814
fuse_passthrough,fuse,write,28,0.000074698
fuse_passthrough,fuse,write,29,0.000207393
fuse_passthrough,fuse,write,30,0.000197105
fuse_passthrough,fuse,write,31,0.000143977
fuse_passthrough,fuse,write,32,0.000136052
fuse_passthrough,fuse,write,33,0.000233754
fuse_passthrough,fuse,write,34,0.000129093
fuse_passthrough,fuse,write,35,0.000155728
fuse_passthrough,fuse,write,36,0.000202332
fuse_passthrough,fuse,write,37,0.000135878
fuse_passthrough,fuse,write,38,0.000168074
fuse_passthrough,fuse,write,39,0.000203657
fuse_passthrough,fuse,write,40,0.000155393
fuse_passthrough,fuse,write,41,0.000173004
fuse_passthrough,fuse,write,42,0.000224111
fuse_passthrough,fuse,write,43,0.000192335
fuse_passthrough,fuse,write,44,0.000136890
fuse_passthrough,fuse,write,45,0.000208837
fuse_passthrough,fuse,write,46,0.000165325
fuse_passthrough,fuse,write,47,0.000286754
fuse_passthrough,fuse,write,48,0.000257361
fuse_passthrough,fuse,write,49,0.000126869
fuse_passthrough,fuse,write,50,0.000245299
fuse_passthrough,fuse,write,51,0.000157195
fuse_passthrough,fuse,write,52,0.000072232
fuse_passthrough,fuse,write,53,0.000116167
fuse_passthrough,fuse,write,54,0.000106095
fuse_passthrough,fuse,write,55,0.000149395
fuse_passthrough,fuse,write,56,0.000182946
fuse_passthrough,fuse,write,57,0.000125603
fuse_passthrough,fuse,write,58,0.000214972
fuse_passthrough,fuse,write,59,0.000200230
fuse_passthrough,fuse,write,60,0.000150911
fuse_passthrough,fuse,write,61,0.000182836
fuse_passthrough,fuse,write,62,0.000205841
fuse_passthrough,fuse,write,63,0.000088837
fuse_passthrough,fuse,write,64,0.000090257
fuse_passthrough,fuse,write,65,0.000175544
fuse_passthrough,fuse,write,66,0.000144255
fuse_passthrough,fuse,write,67,0.000202215
fuse_passthrough,fuse,write,68,0.000237148
fuse_passthrough,fuse,write,69,0.000243485
fuse_passthrough,fuse,write,70,0.000180273
fuse_passthrough,fuse,write,71,0.000221633
fuse_passthrough,fuse,write,72,0.000155374
fuse_passthrough,fuse,write,73,0.000265661
fuse_passthrough,fuse,write,74,0.000249673
fuse_passthrough,fuse,write,75,0.000109954
fuse_passthrough,fuse,write,76,0.000681299
fuse_passthrough,fuse,write,77,0.000222784
fuse_passthrough,fuse,write,78,0.000240175
fuse_passthrough,fuse,write,79,0.000191570
fuse_passthrough,fuse,write,80,0.000211916
fuse_passthrough,fuse,write,81,0.000143945
fuse_passthrough,fuse,write,82,0.000170191
fuse_passthrough,fuse,write,83,0.000081578
fuse_passthrough,fuse,write,84,0.000108430
fuse_passthrough,fuse,write,85,0.000184277
fuse_passthrough,fuse,write,86,0.000179273
fuse_passthrough,fuse,write,87,0.000149692
fuse_passthrough,fuse,write,88,0.000104752
fuse_passthrough,fuse,write,89,0.000154220
fuse_passthrough,fuse,write,90,0.000201012
fuse_passthrough,fuse,write,91,0.000169689
fuse_passthrough,fuse,write,92,0.000160693
fuse_passthrough,fuse,write,93,0.000139879
fuse_passthrough,fuse,write,94,0.000093457
fuse_passthrough,fuse,write,95,0.000164541
fuse_passthrough,fuse,write,96,0.000134122
fuse_passthrough,fuse,write,97,0.000184069
fuse_passthrough,fuse,write,98,0.000135111
fuse_passthrough,fuse,write,99,0.000164324
fuse_passthrough,fuse,write,100,0.000172519
fuse_passthrough,fuse,write,101,0.000158955
fuse_passthrough,fuse,write,102,0.000173488
fuse_passthrough,fuse,write,103,0.000164823
fuse_passthrough,fuse,write,104,0.000169384
fuse_passthrough,fuse,write,105,0.000132731
fuse_passthrough,fuse,write,106,0.000193394
fuse_passthrough,fuse,write,107,0.000120524
fuse_passthrough,fuse,write,108,0.000139617
fuse_passthrough,fuse,write,109,0.000147554
fuse_passthrough,fuse,write,110,0.000186616
fuse_passthrough,fuse,write,111,0.000141434
fuse_passthrough,fuse,write,112,0.000086671
fuse_passthrough,fuse,write,113,0.000172294
fuse_passthrough,fuse,write,114,0.000157815
fuse_passthrough,fuse,write,115,0.000188546
fuse_passthrough,fuse,write,116,0.000156368
fuse_passthrough,fuse,write,117,0.000167144
fuse_passthrough,fuse,write,118,0.000241144
fuse_passthrough,fuse,write,119,0.000152250
fuse_passthrough,fuse,write,120,0.000071962
fuse_passthrough,fuse,write,121,0.000120160
fuse_passthrough,fuse,write,122,0.000142738
fuse_passthrough,fuse,write,123,0.000132308
fuse_passthrough,fuse,write,124,0.000155402
fuse_passthrough,fuse,write,125,0.000178266
fuse_passthrough,fuse,write,126,0.000191214
fuse_passthrough,fuse,write,127,0.000181991
fuse_passthrough,fuse,write,128,0.000196624
fuse_passthrough,fuse,write,129,0.000142471
fuse_passthrough,fuse,write,130,0.000167208
fuse_passthrough,fuse,write,131,0.000139294
fuse_passthrough,fuse,write,132,0.000184646
fuse_passthrough,fuse,write,133,0.000151933
fuse_passthrough,fuse,write,134,0.000152309
fuse_passthrough,fuse,write,135,0.000159059
fuse_passthrough,fuse,write,136,0.000081929
fuse_passthrough,fuse,write,137,0.000145942
fuse_passthrough,fuse,write,138,0.000168515
fuse_passthrough,fuse,write,139,0.000132035
fuse_passthrough,fuse,write,140,0.000162680
fuse_passthrough,fuse,write,141,0.000128396
fuse_passthrough,fuse,write,142,0.000169594
fuse_passthrough,fuse,write,143,0.000105523
fuse_passthrough,fuse,write,144,0.000142674
fuse_passthrough,fuse,write,145,0.000166602
fuse_passthrough,fuse,write,146,0.000070057
fuse_passthrough,fuse,write,147,0.000153758
fuse_passthrough,fuse,write,148,0.000216756
fuse_passthrough,fuse,write,149,0.000233834
fuse_passthrough,fuse,write,150,0.000202251
fuse_passthrough,fuse,write,151,0.000104309
fuse_passthrough,fuse,write,152,0.000153543
fuse_passthrough,fuse,write,153,0.000245214
fuse_passthrough,fuse,write,154,0.000152654
fuse_passthrough,fuse,write,155,0.000214765
fuse_passthrough,fuse,write,156,0.000208255
fuse_passthrough,fuse,write,157,0.000071873
fuse_passthrough,fuse,write,158,0.000076398
fuse_passthrough,fuse,write,159,0.000283032
fuse_passthrough,fuse,write,160,0.000238587
fuse_passthrough,fuse,write,161,0.000187300
fuse_passthrough,fuse,write,162,0.000228510
fuse_passthrough,fuse,write,163,0.000178678
fuse_passthrough,fuse,write,164,0.000138685
fuse_passthrough,fuse,write,165,0.000218801
fuse_passthrough,fuse,write,166,0.000069853
fuse_passthrough,fuse,write,167,0.000279757
fuse_passthrough,fuse,write,168,0.000108703
fuse_passthrough,fuse,write,169,0.000142879
fuse_passthrough,fuse,write,170,0.000075042
fuse_passthrough,fuse,write,171,0.000167921
fuse_passthrough,fuse,write,172,0.000068476
fuse_passthrough,fuse,write,173,0.000118261
fuse_passthrough,fuse,write,174,0.000229247
fuse_passthrough,fuse,write,175,0.000069845
fuse_passthrough,fuse,write,176,0.000074988
fuse_passthrough,fuse,write,177,0.000127041
fuse_passthrough,fuse,write,178,0.000135700
fuse_passthrough,fuse,write,179,0.000105075
fuse_passthrough,fuse,write,180,0.000110516
fuse_passthrough,fuse,write,181,0.000172428
fuse_passthrough,fuse,write,182,0.000079589
fuse_passthrough,fuse,write,183,0.000178473
fuse_passthrough,fuse,write,184,0.000144714
fuse_passthrough,fuse,write,185,0.000151057
fuse_passthrough,fuse,write,186,0.000074988
fuse_passthrough,fuse,write,187,0.000236809
fuse_passthrough,fuse,write,188,0.000207338
fuse_passthrough,fuse,write,189,0.000193725
fuse_passthrough,fuse,write,190,0.000185495
fuse_passthrough,fuse,write,191,0.000177026
fuse_passthrough,fuse,write,192,0.000193674
fuse_passthrough,fuse,write,193,0.000164550
fuse_passthrough,fuse,write,194,0.000186298
fuse_passthrough,fuse,write,195,0.000258164
fuse_passthrough,fuse,write,196,0.000196096
fuse_passthrough,fuse,write,197,0.000206606
fuse_passthrough,fuse,write,198,0.000092856
fuse_passthrough,fuse,write,199,0.000192904
fuse_passthrough,fuse,write,200,0.000171192
fuse_passthrough,fuse,getattr,1,0.000004312
fuse_passthrough,fuse,getattr,2,0.000001579
fuse_passthrough,fuse,getattr,3,0.000001824
fuse_passthrough,fuse,getattr,4,0.000001632
fuse_passthrough,fuse,getattr,5,0.000001483
fuse_passthrough,fuse,getattr,6,0.000001546
fuse_passthrough,fuse,getattr,7,0.000001442
fuse_passthrough,fuse,getattr,8,0.000001494
fuse_passthrough,fuse,getattr,9,0.000001466
fuse_passthrough,fuse,getattr,10,0.000001452
fuse_passthrough,fuse,getattr,11,0.000001582
fuse_passthrough,fuse,getattr,12,0.000001609
fuse_passthrough,fuse,getattr,13,0.000001499
fuse_passthrough,fuse,getattr,14,0.000001555
fuse_passthrough,fuse,getattr,15,0.000001457
fuse_passthrough,fuse,getattr,16,0.000001474
fuse_passthrough,fuse,getattr,17,0.000001474
fuse_passthrough,fuse,getattr,18,0.000001414
fuse_passthrough,fuse,getattr,19,0.000001489
fuse_passthrough,fuse,getattr,20,0.000001538
fuse_passthrough,fuse,getattr,21,0.000001503
fuse_passthrough,fuse,getattr,22,0.000001851
fuse_passthrough,fuse,getattr,23,0.000001489
fuse_passthrough,fuse,getattr,24,0.000001477
fuse_passthrough,fuse,getattr,25,0.000001475
fuse_passthrough,fuse,getattr,26,0.000002322
fuse_passthrough,fuse,getattr,27,0.000001601
fuse_passthrough,fuse,getattr,28,0.000001575
fuse_passthrough,fuse,getattr,29,0.000001514
fuse_passthrough,fuse,getattr,30,0.000001493
fuse_passthrough,fuse,getattr,31,0.000001474
fuse_passthrough,fuse,getattr,32,0.000001524
fuse_passthrough,fuse,getattr,33,0.000001496
fuse_passthrough,fuse,getattr,34,0.000001417
fuse_passthrough,fuse,getattr,35,0.000001466
fuse_passthrough,fuse,getattr,36,0.000001468
fuse_passthrough,fuse,getattr,37,0.000001549
fuse_passthrough,fuse,getattr,38,0.000001573
fuse_passthrough,fuse,getattr,39,0.000001474
fuse_passthrough,fuse,getattr,40,0.000001392
fuse_passthrough,fuse,getattr,41,0.000001451
fuse_passthrough,fuse,getattr,42,0.000001456
fuse_passthrough,fuse,getattr,43,0.000001479
fuse_passthrough,fuse,getattr,44,0.000001478
fuse_passthrough,fuse,getattr,45,0.000003926
fuse_passthrough,fuse,getattr,46,0.000001468
fuse_passthrough,fuse,getattr,47,0.000001438
fuse_passthrough,fuse,getattr,48,0.000001466
fuse_passthrough,fuse,getattr,49,0.000001628
fuse_passthrough,fuse,getattr,50,0.000001612
fuse_passthrough,fuse,getattr,51,0.000001509
fuse_passthrough,fuse,getattr,52,0.000001479
fuse_passthrough,fuse,getattr,53,0.000001443
fuse_passthrough,fuse,getattr,54,0.000001467
fuse_passthrough,fuse,getattr,55,0.000001686
fuse_passthrough,fuse,getattr,56,0.000001599
fuse_passthrough,fuse,getattr,57,0.000001562
fuse_passthrough,fuse,getattr,58,0.000001629
fuse_passthrough,fuse,getattr,59,0.000001583
fuse_passthrough,fuse,getattr,60,0.000001537
fuse_passthrough,fuse,getattr,61,0.000001444
fuse_passthrough,fuse,getattr,62,0.000001588
fuse_passthrough,fuse,getattr,63,0.000001452
fuse_passthrough,fuse,getattr,64,0.000001482
fuse_passthrough,fuse,getattr,65,0.000001456
fuse_passthrough,fuse,getattr,66,0.000001597
fuse_passthrough,fuse,getattr,67,0.000001431
fuse_passthrough,fuse,getattr,68,0.000001494
fuse_passthrough,fuse,getattr,69,0.000001499
fuse_passthrough,fuse,getattr,70,0.000001461
fuse_passthrough,fuse,getattr,71,0.000001620
fuse_passthrough,fuse,getattr,72,0.000001503
fuse_passthrough,fuse,getattr,73,0.000001618
fuse_passthrough,fuse,getattr,74,0.000001535
fuse_passthrough,fuse,getattr,75,0.000001482
fuse_passthrough,fuse,getattr,76,0.000001496
fuse_passthrough,fuse,getattr,77,0.000001438
fuse_passthrough,fuse,getattr,78,0.000001523
fuse_passthrough,fuse,getattr,79,0.000001621
fuse_passthrough,fuse,getattr,80,0.000002203
fuse_passthrough,fuse,getattr,81,0.000001618
fuse_passthrough,fuse,getattr,82,0.000001557
fuse_passthrough,fuse,getattr,83,0.000001438
fuse_passthrough,fuse,getattr,84,0.000001584
fuse_passthrough,fuse,getattr,85,0.000001349
fuse_passthrough,fuse,getattr,86,0.000001500
fuse_passthrough,fuse,getattr,87,0.000001467
fuse_passthrough,fuse,getattr,88,0.000001488
fuse_passthrough,fuse,getattr,89,0.000003778
fuse_passthrough,fuse,getattr,90,0.000001370
fuse_passthrough,fuse,getattr,91,0.000001555
fuse_passthrough,fuse,getattr,92,0.000001587
fuse_passthrough,fuse,getattr,93,0.000001462
fuse_passthrough,fuse,getattr,94,0.000001492
fuse_passthrough,fuse,getattr,95,0.000001412
fuse_passthrough,fuse,getattr,96,0.000001683
fuse_passthrough,fuse,getattr,97,0.000001608
fuse_passthrough,fuse,getattr,98,0.000001500
fuse_passthrough,fuse,getattr,99,0.000001478
fuse_passthrough,fuse,getattr,100,0.000001511
fuse_passthrough,fuse,getattr,101,0.000001433
fuse_passthrough,fuse,getattr,102,0.000001526
fuse_passthrough,fuse,getattr,103,0.000001400
fuse_passthrough,fuse,getattr,104,0.000001453
fuse_passthrough,fuse,getattr,105,0.000001500
fuse_passthrough,fuse,getattr,106,0.000001555
fuse_passthrough,fuse,getattr,107,0.000001533
fuse_passthrough,fuse,getattr,108,0.000001458
fuse_passthrough,fuse,getattr,109,0.000001480
fuse_passthrough,fuse,getattr,110,0.000001506
fuse_passthrough,fuse,getattr,111,0.000002889
fuse_passthrough,fuse,getattr,112,0.000001497
fuse_passthrough,fuse,getattr,113,0.000001482
fuse_passthrough,fuse,getattr,114,0.000001569
fuse_passthrough,fuse,getattr,115,0.000001383
fuse_passthrough,fuse,getattr,116,0.000001569
fuse_passthrough,fuse,getattr,117,0.000001420
fuse_passthrough,fuse,getattr,118,0.000001470
fuse_passthrough,fuse,getattr,119,0.000001358
fuse_passthrough,fuse,getattr,120,0.000001465
fuse_passthrough,fuse,getattr,121,0.000001531
fuse_passthrough,fuse,getattr,122,0.000001461
fuse_passthrough,fuse,getattr,123,0.000001936
fuse_passthrough,fuse,getattr,124,0.000001403
fuse_passthrough,fuse,getattr,125,0.000001434
fuse_passthrough,fuse,getattr,126,0.000001407
fuse_passthrough,fuse,getattr,127,0.000001416
fuse_passthrough,fuse,getattr,128,0.000001591
fuse_passthrough,fuse,getattr,129,0.000001559
fuse_passthrough,fuse,getattr,130,0.000001708
fuse_passthrough,fuse,getattr,131,0.000002012
fuse_passthrough,fuse,getattr,132,0.000002377
fuse_passthrough,fuse,getattr,133,0.000003488
fuse_passthrough,fuse,getattr,134,0.000001429
fuse_passthrough,fuse,getattr,135,0.000001831
fuse_passthrough,fuse,getattr,136,0.000001400
fuse_passthrough,fuse,getattr,137,0.000001401
fuse_passthrough,fuse,getattr,138,0.000002926
fuse_passthrough,fuse,getattr,139,0.000001523
fuse_passthrough,fuse,getattr,140,0.000001618
fuse_passthrough,fuse,getattr,141,0.000001588
fuse_passthrough,fuse,getattr,142,0.000001344
fuse_passthrough,fuse,getattr,143,0.000001440
fuse_passthrough,fuse,getattr,144,0.000001485
fuse_passthrough,fuse,getattr,145,0.000001548
fuse_passthrough,fuse,getattr,146,0.000001447
fuse_passthrough,fuse,getattr,147,0.000001569
fuse_passthrough,fuse,getattr,148,0.000001461
fuse_passthrough,fuse,getattr,149,0.000001476
fuse_passthrough,fuse,getattr,150,0.000001557
fuse_passthrough,fuse,getattr,151,0.000001455
fuse_passthrough,fuse,getattr,152,0.000001518
fuse_passthrough,fuse,getattr,153,0.000001408
fuse_passthrough,fuse,getattr,154,0.000002620
fuse_passthrough,fuse,getattr,155,0.000001427
fuse_passthrough,fuse,getattr,156,0.000001477
fuse_passthrough,fuse,getattr,157,0.000001358
fuse_passthrough,fuse,getattr,158,0.000001467
fuse_passthrough,fuse,getattr,159,0.000001401
fuse_passthrough,fuse,getattr,160,0.000001550
fuse_passthrough,fuse,getattr,161,0.000001461
fuse_passthrough,fuse,getattr,162,0.000001460
fuse_passthrough,fuse,getattr,163,0.000001568
fuse_passthrough,fuse,getattr,164,0.000001399
fuse_passthrough,fuse,getattr,165,0.000001611
fuse_passthrough,fuse,getattr,166,0.000001376
fuse_passthrough,fuse,getattr,167,0.000001478
fuse_passthrough,fuse,getattr,168,0.000001464
fuse_passthrough,fuse,getattr,169,0.000001533
fuse_passthrough,fuse,getattr,170,0.000001414
fuse_passthrough,fuse,getattr,171,0.000002000
fuse_passthrough,fuse,getattr,172,0.000001512
fuse_passthrough,fuse,getattr,173,0.000001502
fuse_passthrough,fuse,getattr,174,0.000001485
fuse_passthrough,fuse,getattr,175,0.000001918
fuse_passthrough,fuse,getattr,176,0.000001429
fuse_passthrough,fuse,getattr,177,0.000004855
fuse_passthrough,fuse,getattr,178,0.000001466
fuse_passthrough,fuse,getattr,179,0.000001476
fuse_passthrough,fuse,getattr,180,0.000001553
fuse_passthrough,fuse,getattr,181,0.000001460
fuse_passthrough,fuse,getattr,182,0.000002432
fuse_passthrough,fuse,getattr,183,0.000001482
fuse_passthrough,fuse,getattr,184,0.000001448
fuse_passthrough,fuse,getattr,185,0.000001446
fuse_passthrough,fuse,getattr,186,0.000001557
fuse_passthrough,fuse,getattr,187,0.000001446
fuse_passthrough,fuse,getattr,188,0.000001463
fuse_passthrough,fuse,getattr,189,0.000001530
fuse_passthrough,fuse,getattr,190,0.000001576
fuse_passthrough,fuse,getattr,191,0.000001637
fuse_passthrough,fuse,getattr,192,0.000001503
fuse_passthrough,fuse,getattr,193,0.000001483
fuse_passthrough,fuse,getattr,194,0.000001492
fuse_passthrough,fuse,getattr,195,0.000001598
fuse_passthrough,fuse,getattr,196,0.000001517
fuse_passthrough,fuse,getattr,197,0.000001433
fuse_passthrough,fuse,getattr,198,0.000001496
fuse_passthrough,fuse,getattr,199,0.000001447
fuse_passthrough,fuse,getattr,200,0.000001552
fuse_rot13,fuse,open,1,0.000271219
fuse_rot13,fuse,open,2,0.000464851
fuse_rot13,fuse,open,3,0.000397636
fuse_rot13,fuse,open,4,0.000301462
fuse_rot13,fuse,open,5,0.000424218
fuse_rot13,fuse,open,6,0.000517756
fuse_rot13,fuse,open,7,0.000458089
fuse_rot13,fuse,open,8,0.000322855
fuse_rot13,fuse,open,9,0.000372905
fuse_rot13,fuse,open,10,0.000333937
fuse_rot13,fuse,open,11,0.000404110
fuse_rot13,fuse,open,12,0.000361268
fuse_rot13,fuse,open,13,0.000374747
fuse_rot13,fuse,open,14,0.000581187
fuse_rot13,fuse,open,15,0.000383433
fuse_rot13,fuse,open,16,0.000284204
fuse_rot13,fuse,open,17,0.000266407
fuse_rot13,fuse,open,18,0.000284651
fuse_rot13,fuse,open,19,0.000258096
fuse_rot13,fuse,open,20,0.000407374
fuse_rot13,fuse,open,21,0.000463839
fuse_rot13,fuse,open,22,0.000438684
fuse_rot13,fuse,open,23,0.000419550
fuse_rot13,fuse,open,24,0.000505169
fuse_rot13,fuse,open,25,0.000447933
fuse_rot13,fuse,open,26,0.000390753
fuse_rot13,fuse,open,27,0.000533284
fuse_rot13,fuse,open,28,0.000441915
fuse_rot13,fuse,open,29,0.000558459
fuse_rot13,fuse,open,30,0.000434796
fuse_rot13,fuse,open,31,0.000506628
fuse_rot13,fuse,open,32,0.000416660
fuse_rot13,fuse,open,33,0.000353189
fuse_rot13,fuse,open,34,0.000359276
fuse_rot13,fuse,open,35,0.000593235
fuse_rot13,fuse,open,36,0.000408316
fuse_rot13,fuse,open,37,0.000431975
fuse_rot13,fuse,open,38,0.000251282
fuse_rot13,fuse,open,39,0.000288607
fuse_rot13,fuse,open,40,0.000249638
fuse_rot13,fuse,open,41,0.000374115
fuse_rot13,fuse,open,42,0.000402014
fuse_rot13,fuse,open,43,0.000321937
fuse_rot13,fuse,open,44,0.000377472
fuse_rot13,fuse,open,45,0.000417902
fuse_rot13,fuse,open,46,0.000442686
fuse_rot13,fuse,open,47,0.000403865
fuse_rot13,fuse,open,48,0.000295472
fuse_rot13,fuse,open,49,0.000425141
fuse_rot13,fuse,open,50,0.000294124
fuse_rot13,fuse,open,51,0.000440997
fuse_rot13,fuse,open,52,0.000396387
fuse_rot13,fuse,open,53,0.000413611
fuse_rot13,fuse,open,54,0.000265988
fuse_rot13,fuse,open,55,0.000222094
fuse_rot13,fuse,open,56,0.000478389
fuse_rot13,fuse,open,57,0.000418257
fuse_rot13,fuse,open,58,0.000427468
fuse_rot13,fuse,open,59,0.000498902
fuse_rot13,fuse,open,60,0.000301708
fuse_rot13,fuse,open,61,0.000379736
fuse_rot13,fuse,open,62,0.000319164
fuse_rot13,fuse,open,63,0.000425640
fuse_rot13,fuse,open,64,0.000528361
fuse_rot13,fuse,open,65,0.000427499
fuse_rot13,fuse,open,66,0.000347273
fuse_rot13,fuse,open,67,0.000390188
fuse_rot13,fuse,open,68,0.000427037
fuse_rot13,fuse,open,69,0.000505558
fuse_rot13,fuse,open,70,0.000459236
fuse_rot13,fuse,open,71,0.000436053
fuse_rot13,fuse,open,72,0.000461277
fuse_rot13,fuse,open,73,0.000390607
fuse_rot13,fuse,open,74,0.000433498
fuse_rot13,fuse,open,75,0.000478800
fuse_rot13,fuse,open,76,0.000464215
fuse_rot13,fuse,open,77,0.000492509
fuse_rot13,fuse,open,78,0.000501387
fuse_rot13,fuse,open,79,0.000529661
fuse_rot13,fuse,open,80,0.000432933
fuse_rot13,fuse,open,81,0.000427456
fuse_rot13,fuse,open,82,0.000365562
fuse_rot13,fuse,open,83,0.000439672
fuse_rot13,fuse,open,84,0.000487360
fuse_rot13,fuse,open,85,0.000295167
fuse_rot13,fuse,open,86,0.000338092
fuse_rot13,fuse,open,87,0.000368670
fuse_rot13,fuse,open,88,0.000522911
fuse_rot13,fuse,open,89,0.000540665
fuse_rot13,fuse,open,90,0.000510950
fuse_rot13,fuse,open,91,0.000278103
fuse_rot13,fuse,open,92,0.000401449
fuse_rot13,fuse,open,93,0.000495523
fuse_rot13,fuse,open,94,0.000271246
fuse_rot13,fuse,open,95,0.000738380
fuse_rot13,fuse,open,96,0.000481085
fuse_rot13,fuse,open,97,0.000321438
fuse_rot13,fuse,open,98,0.000403217
fuse_rot13,fuse,open,99,0.000312839
fuse_rot13,fuse,open,100,0.000490139
fuse_rot13,fuse,open,101,0.000392532
fuse_rot13,fuse,open,102,0.000276739
fuse_rot13,fuse,open,103,0.000464684
fuse_rot13,fuse,open,104,0.000565159
fuse_rot13,fuse,open,105,0.000411493
fuse_rot13,fuse,open,106,0.000425317
fuse_rot13,fuse,open,107,0.000388920
fuse_rot13,fuse,open,108,0.000501379
fuse_rot13,fuse,open,109,0.000518953
fuse_rot13,fuse,open,110,0.000250834
fuse_rot13,fuse,open,111,0.000422347
fuse_rot13,fuse,open,112,0.000345053
fuse_rot13,fuse,open,113,0.000390017
fuse_rot13,fuse,open,114,0.000430729
fuse_rot13,fuse,open,115,0.000477474
fuse_rot13,fuse,open,116,0.000291146
fuse_rot13,fuse,open,117,0.000281533
fuse_rot13,fuse,open,118,0.000234720
fuse_rot13,fuse,open,119,0.000358334
fuse_rot13,fuse,open,120,0.000529909
fuse_rot13,fuse,open,121,0.000509034
fuse_rot13,fuse,open,122,0.000274192
fuse_rot13,fuse,open,123,0.000273531
fuse_rot13,fuse,open,124,0.000482494
fuse_rot13,fuse,open,125,0.000391181
fuse_rot13,fuse,open,126,0.000463541
fuse_rot13,fuse,open,127,0.000394552
fuse_rot13,fuse,open,128,0.000329854
fuse_rot13,fuse,open,129,0.000301550
fuse_rot13,fuse,open,130,0.000482560
fuse_rot13,fuse,open,131,0.000545841
fuse_rot13,fuse,open,132,0.000395260
fuse_rot13,fuse,open,133,0.000360770
fuse_rot13,fuse,open,134,0.000366810
fuse_rot13,fuse,open,135,0.000369845
fuse_rot13,fuse,open,136,0.000507812
fuse_rot13,fuse,open,137,0.000426073
fuse_rot13,fuse,open,138,0.000516058
fuse_rot13,fuse,open,139,0.000476711
fuse_rot13,fuse,open,140,0.000518353
fuse_rot13,fuse,open,141,0.000381226
fuse_rot13,fuse,open,142,0.000281237
fuse_rot13,fuse,open,143,0.000309663
fuse_rot13,fuse,open,144,0.000347784
fuse_rot13,fuse,open,145,0.000346017
fuse_rot13,fuse,open,146,0.000326091
fuse_rot13,fuse,open,147,0.000299462
fuse_rot13,fuse,open,148,0.000576504
fuse_rot13,fuse,open,149,0.000312233
fuse_rot13,fuse,open,150,0.000537806
fuse_rot13,fuse,open,151,0.000395674
fuse_rot13,fuse,open,152,0.000592329
fuse_rot13,fuse,open,153,0.000342314
fuse_rot13,fuse,open,154,0.000286258
fuse_rot13,fuse,open,155,0.000318526
fuse_rot13,fuse,open,156,0.000387722
fuse_rot13,fuse,open,157,0.000427176
fuse_rot13,fuse,open,158,0.000290741
fuse_rot13,fuse,open,159,0.000492154
fuse_rot13,fuse,open,160,0.000417461
fuse_rot13,fuse,open,161,0.000460645
fuse_rot13,fuse,open,162,0.000585928
fuse_rot13,fuse,open,163,0.000534215
fuse_rot13,fuse,open,164,0.000698482
fuse_rot13,fuse,open,165,0.000458145
fuse_rot13,fuse,open,166,0.000520935
fuse_rot13,fuse,open,167,0.000365902
fuse_rot13,fuse,open,168,0.000476132
fuse_rot13,fuse,open,169,0.000374827
fuse_rot13,fuse,open,170,0.000310882
fuse_rot13,fuse,open,171,0.000520407
fuse_rot13,fuse,open,172,0.000309784
fuse_rot13,fuse,open,173,0.000528161
fuse_rot13,fuse,open,174,0.000490857
fuse_rot13,fuse,open,175,0.000403865
fuse_rot13,fuse,open,176,0.000520561
fuse_rot13,fuse,open,177,0.000389495
fuse_rot13,fuse,open,178,0.000361191
fuse_rot13,fuse,open,179,0.000459679
fuse_rot13,fuse,open,180,0.000492591
fuse_rot13,fuse,open,181,0.000445873
fuse_rot13,fuse,open,182,0.000419102
fuse_rot13,fuse,open,183,0.000363418
fuse_rot13,fuse,open,184,0.000455858
fuse_rot13,fuse,open,185,0.000478874
fuse_rot13,fuse,open,186,0.000403258
fuse_rot13,fuse,open,187,0.000493132
fuse_rot13,fuse,open,188,0.000327991
fuse_rot13,fuse,open,189,0.000531193
fuse_rot13,fuse,open,190,0.000579428
fuse_rot13,fuse,open,191,0.000534571
fuse_rot13,fuse,open,192,0.000496553
fuse_rot13,fuse,open,193,0.000405075
fuse_rot13,fuse,open,194,0.000480664
fuse_rot13,fuse,open,195,0.000541651
fuse_rot13,fuse,open,196,0.000412770
fuse_rot13,fuse,open,197,0.000552383
fuse_rot13,fuse,open,198,0.000462754
fuse_rot13,fuse,open,199,0.000311119
fuse_rot13,fuse,open,200,0.000399553
fuse_rot13,fuse,read,1,0.000158664
fuse_rot13,fuse,read,2,0.000173113
fuse_rot13,fuse,read,3,0.000235231
fuse_rot13,fuse,read,4,0.000128508
fuse_rot13,fuse,read,5,0.000202377
fuse_rot13,fuse,read,6,0.000147347
fuse_rot13,fuse,read,7,0.000253865
fuse_rot13,fuse,read,8,0.000169406
fuse_rot13,fuse,read,9,0.000205735
fuse_rot13,fuse,read,10,0.000267662
fuse_rot13,fuse,read,11,0.000204121
fuse_rot13,fuse,read,12,0.000219573
fuse_rot13,fuse,read,13,0.000097432
fuse_rot13,fuse,read,14,0.000142297
fuse_rot13,fuse,read,15,0.000079224
fuse_rot13,fuse,read,16,0.000158314
fuse_rot13,fuse,read,17,0.000178458
fuse_rot13,fuse,read,18,0.000266849
fuse_rot13,fuse,read,19,0.000161226
fuse_rot13,fuse,read,20,0.000176658
fuse_rot13,fuse,read,21,0.000153676
fuse_rot13,fuse,read,22,0.000066229
fuse_rot13,fuse,read,23,0.000191006
fuse_rot13,fuse,read,24,0.000179803
fuse_rot13,fuse,read,25,0.000062833
fuse_rot13,fuse,read,26,0.000065252
fuse_rot13,fuse,read,27,0.000152540
fuse_rot13,fuse,read,28,0.000212465
fuse_rot13,fuse,read,29,0.000223734
fuse_rot13,fuse,read,30,0.000090101
fuse_rot13,fuse,read,31,0.000211001
fuse_rot13,fuse,read,32,0.000153047
fuse_rot13,fuse,read,33,0.000146137
fuse_rot13,fuse,read,34,0.000227924
fuse_rot13,fuse,read,35,0.000079452
fuse_rot13,fuse,read,36,0.000136238
fuse_rot13,fuse,read,37,0.000101267
fuse_rot13,fuse,read,38,0.000160355
fuse_rot13,fuse,read,39,0.000177592
fuse_rot13,fuse,read,40,0.000223531
fuse_rot13,fuse,read,41,0.000178398
fuse_rot13,fuse,read,42,0.000208669
fuse_rot13,fuse,read,43,0.000131894
fuse_rot13,fuse,read,44,0.000129201
fuse_rot13,fuse,read,45,0.000160524
fuse_rot13,fuse,read,46,0.000109075
fuse_rot13,fuse,read,47,0.000133866
fuse_rot13,fuse,read,48,0.000144709
fuse_rot13,fuse,read,49,0.000185366
fuse_rot13,fuse,read,50,0.000168943
fuse_rot13,fuse,read,51,0.000076489
fuse_rot13,fuse,read,52,0.000149156
fuse_rot13,fuse,read,53,0.000079161
fuse_rot13,fuse,read,54,0.000138499
fuse_rot13,fuse,read,55,0.000178009
fuse_rot13,fuse,read,56,0.000112414
fuse_rot13,fuse,read,57,0.000153923
fuse_rot13,fuse,read,58,0.000209859
fuse_rot13,fuse,read,59,0.000114255
fuse_rot13,fuse,read,60,0.000171179
fuse_rot13,fuse,read,61,0.000123017
fuse_rot13,fuse,read,62,0.000221941
fuse_rot13,fuse,read,63,0.000169231
fuse_rot13,fuse,read,64,0.000169591
fuse_rot13,fuse,read,65,0.000087378
fuse_rot13,fuse,read,66,0.000140839
fuse_rot13,fuse,read,67,0.000123568
fuse_rot13,fuse,read,68,0.000222443
fuse_rot13,fuse,read,69,0.000093948
fuse_rot13,fuse,read,70,0.000286007
fuse_rot13,fuse,read,71,0.000170912
fuse_rot13,fuse,read,72,0.000173612
fuse_rot13,fuse,read,73,0.000175326
fuse_rot13,fuse,read,74,0.000163806
fuse_rot13,fuse,read,75,0.000169706
fuse_rot13,fuse,read,76,0.000160024
fuse_rot13,fuse,read,77,0.000177644
fuse_rot13,fuse,read,78,0.000248431
fuse_rot13,fuse,read,79,0.000148405
fuse_rot13,fuse,read,80,0.000184088
fuse_rot13,fuse,read,81,0.000186170
fuse_rot13,fuse,read,82,0.000086962
fuse_rot13,fuse,read,83,0.000205446
fuse_rot13,fuse,read,84,0.000160674
fuse_rot13,fuse,read,85,0.000104658
fuse_rot13,fuse,read,86,0.000199577
fuse_rot13,fuse,read,87,0.000133337
fuse_rot13,fuse,read,88,0.000162015
fuse_rot13,fuse,read,89,0.000150083
fuse_rot13,fuse,read,90,0.000246084
fuse_rot13,fuse,read,91,0.000195520
fuse_rot13,fuse,read,92,0.000184701
fuse_rot13,fuse,read,93,0.000098364
fuse_rot13,fuse,read,94,0.000125024
fuse_rot13,fuse,read,95,0.000141801
fuse_rot13,fuse,read,96,0.000151270
fuse_rot13,fuse,read,97,0.000281632
fuse_rot13,fuse,read,98,0.000160518
fuse_rot13,fuse,read,99,0.000167014
fuse_rot13,fuse,read,100,0.000171869
fuse_rot13,fuse,read,101,0.000078661
fuse_rot13,fuse,read,102,0.000141266
fuse_rot13,fuse,read,103,0.000162993
fuse_rot13,fuse,read,104,0.000180412
fuse_rot13,fuse,read,105,0.000150574
fuse_rot13,fuse,read,106,0.000134381
fuse_rot13,fuse,read,107,0.000194911
fuse_rot13,fuse,read,108,0.000250822
fuse_rot13,fuse,read,109,0.000385972
fuse_rot13,fuse,read,110,0.000218568
fuse_rot13,fuse,read,111,0.000143662
fuse_rot13,fuse,read,112,0.000217933
fuse_rot13,fuse,read,113,0.000173720
fuse_rot13,fuse,read,114,0.000110840
fuse_rot13,fuse,read,115,0.000077155
fuse_rot13,fuse,read,116,0.000128174
fuse_rot13,fuse,read,117,0.000178008
fuse_rot13,fuse,read,118,0.000138512
fuse_rot13,fuse,read,119,0.000174553
fuse_rot13,fuse,read,120,0.000155415
fuse_rot13,fuse,read,121,0.000151365
fuse_rot13,fuse,read,122,0.000318068
fuse_rot13,fuse,read,123,0.000127158
fuse_rot13,fuse,read,124,0.000124412
fuse_rot13,fuse,read,125,0.000201095
fuse_rot13,fuse,read,126,0.000060141
fuse_rot13,fuse,read,127,0.000081786
fuse_rot13,fuse,read,128,0.000195269
fuse_rot13,fuse,read,129,0.000162866
fuse_rot13,fuse,read,130,0.000196468
fuse_rot13,fuse,read,131,0.000215615
fuse_rot13,fuse,read,132,0.000126321
fuse_rot13,fuse,read,133,0.000082224
fuse_rot13,fuse,read,134,0.000122887
fuse_rot13,fuse,read,135,0.000138365
fuse_rot13,fuse,read,136,0.000169135
fuse_rot13,fuse,read,137,0.000140218
fuse_rot13,fuse,read,138,0.000157759
fuse_rot13,fuse,read,139,0.000077419
fuse_rot13,fuse,read,140,0.000073608
fuse_rot13,fuse,read,141,0.000086390
fuse_rot13,fuse,read,142,0.000072947
fuse_rot13,fuse,read,143,0.000086116
fuse_rot13,fuse,read,144,0.000075346
fuse_rot13,fuse,read,145,0.000157532
fuse_rot13,fuse,read,146,0.000220263
fuse_rot13,fuse,read,147,0.000171428
fuse_rot13,fuse,read,148,0.000273167
fuse_rot13,fuse,read,149,0.000157020
fuse_rot13,fuse,read,150,0.000161859
fuse_rot13,fuse,read,151,0.000158926
fuse_rot13,fuse,read,152,0.000170545
fuse_rot13,fuse,read,153,0.000237302
fuse_rot13,fuse,read,154,0.000216055
fuse_rot13,fuse,read,155,0.000213752
fuse_rot13,fuse,read,156,0.000144626
fuse_rot13,fuse,read,157,0.000192582
fuse_rot13,fuse,read,158,0.000225179
fuse_rot13,fuse,read,159,0.000153712
fuse_rot13,fuse,read,160,0.000248498
fuse_rot13,fuse,read,161,0.000158887
fuse_rot13,fuse,read,162,0.000148500
fuse_rot13,fuse,read,163,0.000169647
fuse_rot13,fuse,read,164,0.000196045
fuse_rot13,fuse,read,165,0.000198191
fuse_rot13,fuse,read,166,0.000217629
fuse_rot13,fuse,read,167,0.000076436
fuse_rot13,fuse,read,168,0.000098991
fuse_rot13,fuse,read,169,0.000081308
fuse_rot13,fuse,read,170,0.000089190
fuse_rot13,fuse,read,171,0.000296125
fuse_rot13,fuse,read,172,0.000192709
fuse_rot13,fuse,read,173,0.000163414
fuse_rot13,fuse,read,174,0.000140809
fuse_rot13,fuse,read,175,0.000166072
fuse_rot13,fuse,read,176,0.000171441
fuse_rot13,fuse,read,177,0.000133512
fuse_rot13,fuse,read,178,0.000109692
fuse_rot13,fuse,read,179,0.000137975
fuse_rot13,fuse,read,180,0.000142401
fuse_rot13,fuse,read,181,0.000133058
fuse_rot13,fuse,read,182,0.000190903
fuse_rot13,fuse,read,183,0.000168546
fuse_rot13,fuse,read,184,0.000076830
fuse_rot13,fuse,read,185,0.000150927
fuse_rot13,fuse,read,186,0.000117556
fuse_rot13,fuse,read,187,0.000134317
fuse_rot13,fuse,read,188,0.000076842
fuse_rot13,fuse,read,189,0.000163196
fuse_rot13,fuse,read,190,0.000157458
fuse_rot13,fuse,read,191,0.000225342
fuse_rot13,fuse,read,192,0.000091288
fuse_rot13,fuse,read,193,0.000121089
fuse_rot13,fuse,read,194,0.000137984
fuse_rot13,fuse,read,195,0.000162845
fuse_rot13,fuse,read,196,0.000075041
fuse_rot13,fuse,read,197,0.000107747
fuse_rot13,fuse,read,198,0.000157199
fuse_rot13,fuse,read,199,0.000118787
fuse_rot13,fuse,read,200,0.000143222
fuse_rot13,fuse,write,1,0.000359299
fuse_rot13,fuse,write,2,0.000141338
fuse_rot13,fuse,write,3,0.000127487
fuse_rot13,fuse,write,4,0.000143054
fuse_rot13,fuse,write,5,0.000109030
fuse_rot13,fuse,write,6,0.000136009
fuse_rot13,fuse,write,7,0.000114543
fuse_rot13,fuse,write,8,0.000189774
fuse_rot13,fuse,write,9,0.000144510
fuse_rot13,fuse,write,10,0.000186847
fuse_rot13,fuse,write,11,0.000127589
fuse_rot13,fuse,write,12,0.000150344
fuse_rot13,fuse,write,13,0.000165157
fuse_rot13,fuse,write,14,0.000129076
fuse_rot13,fuse,write,15,0.000136517
fuse_rot13,fuse,write,16,0.000127954
fuse_rot13,fuse,write,17,0.000173739
fuse_rot13,fuse,write,18,0.000245722
fuse_rot13,fuse,write,19,0.000139474
fuse_rot13,fuse,write,20,0.000209110
fuse_rot13,fuse,write,21,0.000215811
fuse_rot13,fuse,write,22,0.000148381
fuse_rot13,fuse,write,23,0.000092739
fuse_rot13,fuse,write,24,0.000260698
fuse_rot13,fuse,write,25,0.000131402
fuse_rot13,fuse,write,26,0.000099117
fuse_rot13,fuse,write,27,0.000236887
fuse_rot13,fuse,write,28,0.000320521
fuse_rot13,fuse,write,29,0.000203781
fuse_rot13,fuse,write,30,0.000127275
fuse_rot13,fuse,write,31,0.000215752
fuse_rot13,fuse,write,32,0.000225688
fuse_rot13,fuse,write,33,0.000219826
fuse_rot13,fuse,write,34,0.000204903
fuse_rot13,fuse,write,35,0.000194766
fuse_rot13,fuse,write,36,0.000280433
fuse_rot13,fuse,write,37,0.000236604
fuse_rot13,fuse,write,38,0.000159187
fuse_rot13,fuse,write,39,0.000176104
fuse_rot13,fuse,write,40,0.000127753
fuse_rot13,fuse,write,41,0.000172337
fuse_rot13,fuse,write,42,0.000245051
fuse_rot13,fuse,write,43,0.000212294
fuse_rot13,fuse,write,44,0.000212032
fuse_rot13,fuse,write,45,0.000188505
fuse_rot13,fuse,write,46,0.000159844
fuse_rot13,fuse,write,47,0.000123959
fuse_rot13,fuse,write,48,0.000203710
fuse_rot13,fuse,write,49,0.000290757
fuse_rot13,fuse,write,50,0.000219855
fuse_rot13,fuse,write,51,0.000170503
fuse_rot13,fuse,write,52,0.000203254
fuse_rot13,fuse,write,53,0.000163903
fuse_rot13,fuse,write,54,0.000147442
fuse_rot13,fuse,write,55,0.000227902
fuse_rot13,fuse,write,56,0.000162248
fuse_rot13,fuse,write,57,0.000239242
fuse_rot13,fuse,write,58,0.000233092
fuse_rot13,fuse,write,59,0.000161427
fuse_rot13,fuse,write,60,0.000163896
fuse_rot13,fuse,write,61,0.000280656
fuse_rot13,fuse,write,62,0.000168182
fuse_rot13,fuse,write,63,0.000102526
fuse_rot13,fuse,write,64,0.000224528
fuse_rot13,fuse,write,65,0.000143550
fuse_rot13,fuse,write,66,0.000178840
fuse_rot13,fuse,write,67,0.000175363
fuse_rot13,fuse,write,68,0.000245300
fuse_rot13,fuse,write,69,0.000222494
fuse_rot13,fuse,write,70,0.000229665
fuse_rot13,fuse,write,71,0.000171872
fuse_rot13,fuse,write,72,0.000169758
fuse_rot13,fuse,write,73,0.000237505
fuse_rot13,fuse,write,74,0.000187352
fuse_rot13,fuse,write,75,0.000131147
fuse_rot13,fuse,write,76,0.000201924
fuse_rot13,fuse,write,77,0.000112918
fuse_rot13,fuse,write,78,0.000212203
fuse_rot13,fuse,write,79,0.000140840
fuse_rot13,fuse,write,80,0.000233482
fuse_rot13,fuse,write,81,0.000261070
fuse_rot13,fuse,write,82,0.000172778
fuse_rot13,fuse,write,83,0.000182741
fuse_rot13,fuse,write,84,0.000096634
fuse_rot13,fuse,write,85,0.000115845
fuse_rot13,fuse,write,86,0.000125508
fuse_rot13,fuse,write,87,0.000196758
fuse_rot13,fuse,write,88,0.000258310
fuse_rot13,fuse,write,89,0.000101632
fuse_rot13,fuse,write,90,0.000117960
fuse_rot13,fuse,write,91,0.000175592
fuse_rot13,fuse,write,92,0.000076483
fuse_rot13,fuse,write,93,0.000076377
fuse_rot13,fuse,write,94,0.000101170
fuse_rot13,fuse,write,95,0.000206433
fuse_rot13,fuse,write,96,0.000267741
fuse_rot13,fuse,write,97,0.000078211
fuse_rot13,fuse,write,98,0.000168013
fuse_rot13,fuse,write,99,0.000134142
fuse_rot13,fuse,write,100,0.000170091
fuse_rot13,fuse,write,101,0.000173324
fuse_rot13,fuse,write,102,0.000116573
fuse_rot13,fuse,write,103,0.000283627
fuse_rot13,fuse,write,104,0.000079308
fuse_rot13,fuse,write,105,0.000173930
fuse_rot13,fuse,write,106,0.000148449
fuse_rot13,fuse,write,107,0.000180898
fuse_rot13,fuse,write,108,0.000160104
fuse_rot13,fuse,write,109,0.000169592
fuse_rot13,fuse,write,110,0.000203345
fuse_rot13,fuse,write,111,0.000096163
fuse_rot13,fuse,write,112,0.000165811
fuse_rot13,fuse,write,113,0.000199435
fuse_rot13,fuse,write,114,0.000199048
fuse_rot13,fuse,write,115,0.000190932
fuse_rot13,fuse,write,116,0.000240140
fuse_rot13,fuse,write,117,0.000207096
fuse_rot13,fuse,write,118,0.000091021
fuse_rot13,fuse,write,119,0.000123089
fuse_rot13,fuse,write,120,0.000220190
fuse_rot13,fuse,write,121,0.000095157
fuse_rot13,fuse,write,122,0.000407532
fuse_rot13,fuse,write,123,0.000194651
fuse_rot13,fuse,write,124,0.000154353
fuse_rot13,fuse,write,125,0.000172776
fuse_rot13,fuse,write,126,0.000112218
fuse_rot13,fuse,write,127,0.000106496
fuse_rot13,fuse,write,128,0.000165943
fuse_rot13,fuse,write,129,0.000080270
fuse_rot13,fuse,write,130,0.000266637
fuse_rot13,fuse,write,131,0.000160938
fuse_rot13,fuse,write,132,0.000184458
fuse_rot13,fuse,write,133,0.000176917
fuse_rot13,fuse,write,134,0.000197343
fuse_rot13,fuse,write,135,0.000113058
fuse_rot13,fuse,write,136,0.000172254
fuse_rot13,fuse,write,137,0.000180705
fuse_rot13,fuse,write,138,0.000224457
fuse_rot13,fuse,write,139,0.000089290
fuse_rot13,fuse,write,140,0.000230693
fuse_rot13,fuse,write,141,0.000167218
fuse_rot13,fuse,write,142,0.000100778
fuse_rot13,fuse,write,143,0.000206518
fuse_rot13,fuse,write,144,0.000124743
fuse_rot13,fuse,write,145,0.000080772
fuse_rot13,fuse,write,146,0.000216154
fuse_rot13,fuse,write,147,0.000144285
fuse_rot13,fuse,write,148,0.000210501
fuse_rot13,fuse,write,149,0.000081598
fuse_rot13,fuse,write,150,0.000085317
fuse_rot13,fuse,write,151,0.000159971
fuse_rot13,fuse,write,152,0.000178739
fuse_rot13,fuse,write,153,0.000223467
fuse_rot13,fuse,write,154,0.000161559
fuse_rot13,fuse,write,155,0.000186108
fuse_rot13,fuse,write,156,0.000161860
fuse_rot13,fuse,write,157,0.000103194
fuse_rot13,fuse,write,158,0.000079092
fuse_rot13,fuse,write,159,0.000139866
fuse_rot13,fuse,write,160,0.000248697
fuse_rot13,fuse,write,161,0.000211078
fuse_rot13,fuse,write,162,0.000087692
fuse_rot13,fuse,write,163,0.000078882
fuse_rot13,fuse,write,164,0.000097393
fuse_rot13,fuse,write,165,0.000189569
fuse_rot13,fuse,write,166,0.000131078
fuse_rot13,fuse,write,167,0.000166089
fuse_rot13,fuse,write,168,0.000204366
fuse_rot13,fuse,write,169,0.000179118
fuse_rot13,fuse,write,170,0.000155065
fuse_rot13,fuse,write,171,0.000176414
fuse_rot13,fuse,write,172,0.000156540
fuse_rot13,fuse,write,173,0.000146085
fuse_rot13,fuse,write,174,0.000093736
fuse_rot13,fuse,write,175,0.000108529
fuse_rot13,fuse,write,176,0.000201344
fuse_rot13,fuse,write,177,0.000094688
fuse_rot13,fuse,write,178,0.000121430
fuse_rot13,fuse,write,179,0.000163628
fuse_rot13,fuse,write,180,0.000140341
fuse_rot13,fuse,write,181,0.000310749
fuse_rot13,fuse,write,182,0.000219882
fuse_rot13,fuse,write,183,0.000134594
fuse_rot13,fuse,write,184,0.000144602
fuse_rot13,fuse,write,185,0.000110219
fuse_rot13,fuse,write,186,0.000163677
fuse_rot13,fuse,write,187,0.000169353
fuse_rot13,fuse,write,188,0.000188757
fuse_rot13,fuse,write,189,0.000329454
fuse_rot13,fuse,write,190,0.000093035
fuse_rot13,fuse,write,191,0.000388141
fuse_rot13,fuse,write,192,0.000162892
fuse_rot13,fuse,write,193,0.000107390
fuse_rot13,fuse,write,194,0.000296160
fuse_rot13,fuse,write,195,0.000172593
fuse_rot13,fuse,write,196,0.000156116
fuse_rot13,fuse,write,197,0.000136139
fuse_rot13,fuse,write,198,0.000072099
fuse_rot13,fuse,write,199,0.000336331
fuse_rot13,fuse,write,200,0.000086431
fuse_rot13,fuse,getattr,1,0.000004388
fuse_rot13,fuse,getattr,2,0.000001461
fuse_rot13,fuse,getattr,3,0.000001626
fuse_rot13,fuse,getattr,4,0.000001489
fuse_rot13,fuse,getattr,5,0.000001435
fuse_rot13,fuse,getattr,6,0.000001469
fuse_rot13,fuse,getattr,7,0.000001563
fuse_rot13,fuse,getattr,8,0.000001493
fuse_rot13,fuse,getattr,9,0.000001524
fuse_rot13,fuse,getattr,10,0.000001368
fuse_rot13,fuse,getattr,11,0.000001573
fuse_rot13,fuse,getattr,12,0.000001552
fuse_rot13,fuse,getattr,13,0.000001462
fuse_rot13,fuse,getattr,14,0.000001559
fuse_rot13,fuse,getattr,15,0.000002284
fuse_rot13,fuse,getattr,16,0.000001509
fuse_rot13,fuse,getattr,17,0.000001444
fuse_rot13,fuse,getattr,18,0.000001563
fuse_rot13,fuse,getattr,19,0.000001626
fuse_rot13,fuse,getattr,20,0.000001569
fuse_rot13,fuse,getattr,21,0.000001539
fuse_rot13,fuse,getattr,22,0.000001531
fuse_rot13,fuse,getattr,23,0.000001591
fuse_rot13,fuse,getattr,24,0.000001529
fuse_rot13,fuse,getattr,25,0.000001542
fuse_rot13,fuse,getattr,26,0.000001563
fuse_rot13,fuse,getattr,27,0.000001525
fuse_rot13,fuse,getattr,28,0.000001575
fuse_rot13,fuse,getattr,29,0.000001592
fuse_rot13,fuse,getattr,30,0.000001484
fuse_rot13,fuse,getattr,31,0.000001580
fuse_rot13,fuse,getattr,32,0.000001616
fuse_rot13,fuse,getattr,33,0.000001439
fuse_rot13,fuse,getattr,34,0.000001596
fuse_rot13,fuse,getattr,35,0.000001631
fuse_rot13,fuse,getattr,36,0.000001571
fuse_rot13,fuse,getattr,37,0.000001623
fuse_rot13,fuse,getattr,38,0.000001701
fuse_rot13,fuse,getattr,39,0.000001527
fuse_rot13,fuse,getattr,40,0.000001549
fuse_rot13,fuse,getattr,41,0.000001495
fuse_rot13,fuse,getattr,42,0.000001528
fuse_rot13,fuse,getattr,43,0.000001445
fuse_rot13,fuse,getattr,44,0.000001593
fuse_rot13,fuse,getattr,45,0.000004490
fuse_rot13,fuse,getattr,46,0.000001448
fuse_rot13,fuse,getattr,47,0.000001554
fuse_rot13,fuse,getattr,48,0.000001464
fuse_rot13,fuse,getattr,49,0.000001624
fuse_rot13,fuse,getattr,50,0.000001708
fuse_rot13,fuse,getattr,51,0.000001527
fuse_rot13,fuse,getattr,52,0.000001502
fuse_rot13,fuse,getattr,53,0.000001553
fuse_rot13,fuse,getattr,54,0.000001515
fuse_rot13,fuse,getattr,55,0.000001345
fuse_rot13,fuse,getattr,56,0.000001540
fuse_rot13,fuse,getattr,57,0.000001456
fuse_rot13,fuse,getattr,58,0.000004189
fuse_rot13,fuse,getattr,59,0.000002379
fuse_rot13,fuse,getattr,60,0.000001440
fuse_rot13,fuse,getattr,61,0.000001534
fuse_rot13,fuse,getattr,62,0.000001446
fuse_rot13,fuse,getattr,63,0.000001436
fuse_rot13,fuse,getattr,64,0.000001461
fuse_rot13,fuse,getattr,65,0.000001506
fuse_rot13,fuse,getattr,66,0.000001657
fuse_rot13,fuse,getattr,67,0.000001535
fuse_rot13,fuse,getattr,68,0.000001578
fuse_rot13,fuse,getattr,69,0.000001488
fuse_rot13,fuse,getattr,70,0.000001461
fuse_rot13,fuse,getattr,71,0.000001397
fuse_rot13,fuse,getattr,72,0.000001423
fuse_rot13,fuse,getattr,73,0.000001745
fuse_rot13,fuse,getattr,74,0.000001362
fuse_rot13,fuse,getattr,75,0.000001434
fuse_rot13,fuse,getattr,76,0.000001543
fuse_rot13,fuse,getattr,77,0.000001522
fuse_rot13,fuse,getattr,78,0.000001630
fuse_rot13,fuse,getattr,79,0.000001557
fuse_rot13,fuse,getattr,80,0.000001754
fuse_rot13,fuse,getattr,81,0.000001578
fuse_rot13,fuse,getattr,82,0.000001485
fuse_rot13,fuse,getattr,83,0.000002056
fuse_rot13,fuse,getattr,84,0.000001540
fuse_rot13,fuse,getattr,85,0.000001576
fuse_rot13,fuse,getattr,86,0.000001487
fuse_rot13,fuse,getattr,87,0.000001523
fuse_rot13,fuse,getattr,88,0.000001527
fuse_rot13,fuse,getattr,89,0.000005173
fuse_rot13,fuse,getattr,90,0.000002746
fuse_rot13,fuse,getattr,91,0.000001627
fuse_rot13,fuse,getattr,92,0.000002463
fuse_rot13,fuse,getattr,93,0.000001539
fuse_rot13,fuse,getattr,94,0.000001626
fuse_rot13,fuse,getattr,95,0.000001684
fuse_rot13,fuse,getattr,96,0.000001441
fuse_rot13,fuse,getattr,97,0.000001601
fuse_rot13,fuse,getattr,98,0.000001588
fuse_rot13,fuse,getattr,99,0.000002843
fuse_rot13,fuse,getattr,100,0.000001538
fuse_rot13,fuse,getattr,101,0.000001565
fuse_rot13,fuse,getattr,102,0.000001591
fuse_rot13,fuse,getattr,103,0.000001536
fuse_rot13,fuse,getattr,104,0.000001630
fuse_rot13,fuse,getattr,105,0.000001465
fuse_rot13,fuse,getattr,106,0.000001481
fuse_rot13,fuse,getattr,107,0.000001529
fuse_rot13,fuse,getattr,108,0.000001689
fuse_rot13,fuse,getattr,109,0.000001675
fuse_rot13,fuse,getattr,110,0.000001473
fuse_rot13,fuse,getattr,111,0.000001596
fuse_rot13,fuse,getattr,112,0.000001565
fuse_rot13,fuse,getattr,113,0.000001507
fuse_rot13,fuse,getattr,114,0.000001619
fuse_rot13,fuse,getattr,115,0.000001485
fuse_rot13,fuse,getattr,116,0.000001530
fuse_rot13,fuse,getattr,117,0.000001519
fuse_rot13,fuse,getattr,118,0.000001414
fuse_rot13,fuse,getattr,119,0.000001489
fuse_rot13,fuse,getattr,120,0.000001428
fuse_rot13,fuse,getattr,121,0.000001433
fuse_rot13,fuse,getattr,122,0.000001543
fuse_rot13,fuse,getattr,123,0.000002218
fuse_rot13,fuse,getattr,124,0.000001525
fuse_rot13,fuse,getattr,125,0.000001450
fuse_rot13,fuse,getattr,126,0.000001400
fuse_rot13,fuse,getattr,127,0.000001604
fuse_rot13,fuse,getattr,128,0.000001471
fuse_rot13,fuse,getattr,129,0.000001556
fuse_rot13,fuse,getattr,130,0.000001475
fuse_rot13,fuse,getattr,131,0.000001476
fuse_rot13,fuse,getattr,132,0.000005173
fuse_rot13,fuse,getattr,133,0.000001425
fuse_rot13,fuse,getattr,134,0.000001567
fuse_rot13,fuse,getattr,135,0.000001476
fuse_rot13,fuse,getattr,136,0.000001518
fuse_rot13,fuse,getattr,137,0.000001430
fuse_rot13,fuse,getattr,138,0.000001444
fuse_rot13,fuse,getattr,139,0.000001513
fuse_rot13,fuse,getattr,140,0.000001427
fuse_rot13,fuse,getattr,141,0.000001556
fuse_rot13,fuse,getattr,142,0.000001513
fuse_rot13,fuse,getattr,143,0.000001536
fuse_rot13,fuse,getattr,144,0.000001466
fuse_rot13,fuse,getattr,145,0.000001484
fuse_rot13,fuse,getattr,146,0.000001434
fuse_rot13,fuse,getattr,147,0.000002741
fuse_rot13,fuse,getattr,148,0.000001457
fuse_rot13,fuse,getattr,149,0.000001536
fuse_rot13,fuse,getattr,150,0.000001528
fuse_rot13,fuse,getattr,151,0.000001466
fuse_rot13,fuse,getattr,152,0.000002359
fuse_rot13,fuse,getattr,153,0.000001408
fuse_rot13,fuse,getattr,154,0.000001455
fuse_rot13,fuse,getattr,155,0.000001518
fuse_rot13,fuse,getattr,156,0.000001575
fuse_rot13,fuse,getattr,157,0.000001506
fuse_rot13,fuse,getattr,158,0.000001464
fuse_rot13,fuse,getattr,159,0.000001521
fuse_rot13,fuse,getattr,160,0.000001524
fuse_rot13,fuse,getattr,161,0.000001526
fuse_rot13,fuse,getattr,162,0.000001532
fuse_rot13,fuse,getattr,163,0.000001513
fuse_rot13,fuse,getattr,164,0.000001484
fuse_rot13,fuse,getattr,165,0.000001472
fuse_rot13,fuse,getattr,166,0.000001797
fuse_rot13,fuse,getattr,167,0.000001399
fuse_rot13,fuse,getattr,168,0.000001401
fuse_rot13,fuse,getattr,169,0.000001391
fuse_rot13,fuse,getattr,170,0.000001378
fuse_rot13,fuse,getattr,171,0.000001455
fuse_rot13,fuse,getattr,172,0.000001478
fuse_rot13,fuse,getattr,173,0.000001815
fuse_rot13,fuse,getattr,174,0.000001478
fuse_rot13,fuse,getattr,175,0.000001470
fuse_rot13,fuse,getattr,176,0.000003929
fuse_rot13,fuse,getattr,177,0.000001509
fuse_rot13,fuse,getattr,178,0.000001561
fuse_rot13,fuse,getattr,179,0.000001518
fuse_rot13,fuse,getattr,180,0.000001473
fuse_rot13,fuse,getattr,181,0.000001555
fuse_rot13,fuse,getattr,182,0.000001622
fuse_rot13,fuse,getattr,183,0.000002614
fuse_rot13,fuse,getattr,184,0.000002230
fuse_rot13,fuse,getattr,185,0.000001447
fuse_rot13,fuse,getattr,186,0.000001509
fuse_rot13,fuse,getattr,187,0.000001451
fuse_rot13,fuse,getattr,188,0.000001561
fuse_rot13,fuse,getattr,189,0.000001487
fuse_rot13,fuse,getattr,190,0.000001474
fuse_rot13,fuse,getattr,191,0.000001447
fuse_rot13,fuse,getattr,192,0.000001533
fuse_rot13,fuse,getattr,193,0.000001479
fuse_rot13,fuse,getattr,194,0.000001337
fuse_rot13,fuse,getattr,195,0.000001447
fuse_rot13,fuse,getattr,196,0.000001373
fuse_rot13,fuse,getattr,197,0.000001463
fuse_rot13,fuse,getattr,198,0.000001478
fuse_rot13,fuse,getattr,199,0.000001522
fuse_rot13,fuse,getattr,200,0.000001649
fuse_uppercase,fuse,open,1,0.000342851
fuse_uppercase,fuse,open,2,0.000422786
fuse_uppercase,fuse,open,3,0.000409649
fuse_uppercase,fuse,open,4,0.000421283
fuse_uppercase,fuse,open,5,0.000289395
fuse_uppercase,fuse,open,6,0.000418528
fuse_uppercase,fuse,open,7,0.000409547
fuse_uppercase,fuse,open,8,0.000363219
fuse_uppercase,fuse,open,9,0.000420643
fuse_uppercase,fuse,open,10,0.000397990
fuse_uppercase,fuse,open,11,0.000404576
fuse_uppercase,fuse,open,12,0.000572314
fuse_uppercase,fuse,open,13,0.000427092
fuse_uppercase,fuse,open,14,0.000392349
fuse_uppercase,fuse,open,15,0.000500413
fuse_uppercase,fuse,open,16,0.000502795
fuse_uppercase,fuse,open,17,0.000263187
fuse_uppercase,fuse,open,18,0.000363087
fuse_uppercase,fuse,open,19,0.000284580
fuse_uppercase,fuse,open,20,0.000459203
fuse_uppercase,fuse,open,21,0.000447716
fuse_uppercase,fuse,open,22,0.000348674
fuse_uppercase,fuse,open,23,0.000321951
fuse_uppercase,fuse,open,24,0.000598853
fuse_uppercase,fuse,open,25,0.000572428
fuse_uppercase,fuse,open,26,0.000589521
fuse_uppercase,fuse,open,27,0.000535968
fuse_uppercase,fuse,open,28,0.000565054
fuse_uppercase,fuse,open,29,0.000493148
fuse_uppercase,fuse,open,30,0.000483748
fuse_uppercase,fuse,open,31,0.000427592
fuse_uppercase,fuse,open,32,0.000595527
fuse_uppercase,fuse,open,33,0.000339896
fuse_uppercase,fuse,open,34,0.000407290
fuse_uppercase,fuse,open,35,0.000519881
fuse_uppercase,fuse,open,36,0.000249343
fuse_uppercase,fuse,open,37,0.000401103
fuse_uppercase,fuse,open,38,0.000263702
fuse_uppercase,fuse,open,39,0.000567131
fuse_uppercase,fuse,open,40,0.000385460
fuse_uppercase,fuse,open,41,0.000413868
fuse_uppercase,fuse,open,42,0.000358944
fuse_uppercase,fuse,open,43,0.000341733
fuse_uppercase,fuse,open,44,0.000480100
fuse_uppercase,fuse,open,45,0.000392307
fuse_uppercase,fuse,open,46,0.000475691
fuse_uppercase,fuse,open,47,0.000413453
fuse_uppercase,fuse,open,48,0.000470036
fuse_uppercase,fuse,open,49,0.000396197
fuse_uppercase,fuse,open,50,0.000329086
fuse_uppercase,fuse,open,51,0.000591611
fuse_uppercase,fuse,open,52,0.000501501
fuse_uppercase,fuse,open,53,0.000450849
fuse_uppercase,fuse,open,54,0.000385680
fuse_uppercase,fuse,open,55,0.000575511
fuse_uppercase,fuse,open,56,0.000497264
fuse_uppercase,fuse,open,57,0.000314843
fuse_uppercase,fuse,open,58,0.000332144
fuse_uppercase,fuse,open,59,0.000484135
fuse_uppercase,fuse,open,60,0.000303478
fuse_uppercase,fuse,open,61,0.000444713
fuse_uppercase,fuse,open,62,0.000435872
fuse_uppercase,fuse,open,63,0.000474918
fuse_uppercase,fuse,open,64,0.000334950
fuse_uppercase,fuse,open,65,0.000409015
fuse_uppercase,fuse,open,66,0.000309621
fuse_uppercase,fuse,open,67,0.000451328
fuse_uppercase,fuse,open,68,0.000544600
fuse_uppercase,fuse,open,69,0.000511183
fuse_uppercase,fuse,open,70,0.000496399
fuse_uppercase,fuse,open,71,0.000470293
fuse_uppercase,fuse,open,72,0.000522532
fuse_uppercase,fuse,open,73,0.000597477
fuse_uppercase,fuse,open,74,0.000454308
fuse_uppercase,fuse,open,75,0.000347426
fuse_uppercase,fuse,open,76,0.000476574
fuse_uppercase,fuse,open,77,0.000319517
fuse_uppercase,fuse,open,78,0.000431287
fuse_uppercase,fuse,open,79,0.000466464
fuse_uppercase,fuse,open,80,0.000459801
fuse_uppercase,fuse,open,81,0.000516005
fuse_uppercase,fuse,open,82,0.000430222
fuse_uppercase,fuse,open,83,0.000331501
fuse_uppercase,fuse,open,84,0.000475944
fuse_uppercase,fuse,open,85,0.000457319
fuse_uppercase,fuse,open,86,0.000341346
fuse_uppercase,fuse,open,87,0.000530967
fuse_uppercase,fuse,open,88,0.000450577
fuse_uppercase,fuse,open,89,0.000425462
fuse_uppercase,fuse,open,90,0.000455844
fuse_uppercase,fuse,open,91,0.000442485
fuse_uppercase,fuse,open,92,0.000549669
fuse_uppercase,fuse,open,93,0.000460909
fuse_uppercase,fuse,open,94,0.000390891
fuse_uppercase,fuse,open,95,0.000572794
fuse_uppercase,fuse,open,96,0.000494025
fuse_uppercase,fuse,open,97,0.000350603
fuse_uppercase,fuse,open,98,0.000476490
fuse_uppercase,fuse,open,99,0.000430628
fuse_uppercase,fuse,open,100,0.000378273
fuse_uppercase,fuse,open,101,0.000437921
fuse_uppercase,fuse,open,102,0.000484539
fuse_uppercase,fuse,open,103,0.000475997
fuse_uppercase,fuse,open,104,0.000653137
fuse_uppercase,fuse,open,105,0.000512102
fuse_uppercase,fuse,open,106,0.000472383
fuse_uppercase,fuse,open,107,0.000549122
fuse_uppercase,fuse,open,108,0.000525630
fuse_uppercase,fuse,open,109,0.000416132
fuse_uppercase,fuse,open,110,0.000467840
fuse_uppercase,fuse,open,111,0.000420700
fuse_uppercase,fuse,open,112,0.000386811
fuse_uppercase,fuse,open,113,0.000390191
fuse_uppercase,fuse,open,114,0.000424301
fuse_uppercase,fuse,open,115,0.000490371
fuse_uppercase,fuse,open,116,0.000607895
fuse_uppercase,fuse,open,117,0.000410892
fuse_uppercase,fuse,open,118,0.000407342
fuse_uppercase,fuse,open,119,0.000393866
fuse_uppercase,fuse,open,120,0.000412884
fuse_uppercase,fuse,open,121,0.000458648
fuse_uppercase,fuse,open,122,0.000578454
fuse_uppercase,fuse,open,123,0.000406846
fuse_uppercase,fuse,open,124,0.000478081
fuse_uppercase,fuse,open,125,0.000435578
fuse_uppercase,fuse,open,126,0.000484169
fuse_uppercase,fuse,open,127,0.000327418
fuse_uppercase,fuse,open,128,0.000295947
fuse_uppercase,fuse,open,129,0.000315422
fuse_uppercase,fuse,open,130,0.000392866
fuse_uppercase,fuse,open,131,0.000446346
fuse_uppercase,fuse,open,132,0.000381857
fuse_uppercase,fuse,open,133,0.000368226
fuse_uppercase,fuse,open,134,0.000459228
fuse_uppercase,fuse,open,135,0.000301635
fuse_uppercase,fuse,open,136,0.000377205
fuse_uppercase,fuse,open,137,0.000403989
fuse_uppercase,fuse,open,138,0.000394026
fuse_uppercase,fuse,open,139,0.000419426
fuse_uppercase,fuse,open,140,0.000372525
fuse_uppercase,fuse,open,141,0.000598592
fuse_uppercase,fuse,open,142,0.000405535
fuse_uppercase,fuse,open,143,0.000309572
fuse_uppercase,fuse,open,144,0.000414522
fuse_uppercase,fuse,open,145,0.000631560
fuse_uppercase,fuse,open,146,0.000546388
fuse_uppercase,fuse,open,147,0.000414957
fuse_uppercase,fuse,open,148,0.000389048
fuse_uppercase,fuse,open,149,0.000463222
fuse_uppercase,fuse,open,150,0.000513990
fuse_uppercase,fuse,open,151,0.000396265
fuse_uppercase,fuse,open,152,0.000438541
fuse_uppercase,fuse,open,153,0.000252226
fuse_uppercase,fuse,open,154,0.000272264
fuse_uppercase,fuse,open,155,0.000363103
fuse_uppercase,fuse,open,156,0.000238743
fuse_uppercase,fuse,open,157,0.000464963
fuse_uppercase,fuse,open,158,0.000610560
fuse_uppercase,fuse,open,159,0.000494409
fuse_uppercase,fuse,open,160,0.000385962
fuse_uppercase,fuse,open,161,0.000538915
fuse_uppercase,fuse,open,162,0.000404038
fuse_uppercase,fuse,open,163,0.000553782
fuse_uppercase,fuse,open,164,0.000476364
fuse_uppercase,fuse,open,165,0.000382337
fuse_uppercase,fuse,open,166,0.000395501
fuse_uppercase,fuse,open,167,0.000349066
fuse_uppercase,fuse,open,168,0.000428712
fuse_uppercase,fuse,open,169,0.000416325
fuse_uppercase,fuse,open,170,0.000489153
fuse_uppercase,fuse,open,171,0.000487393
fuse_uppercase,fuse,open,172,0.000239833
fuse_uppercase,fuse,open,173,0.000255923
fuse_uppercase,fuse,open,174,0.000407403
fuse_uppercase,fuse,open,175,0.000332824
fuse_uppercase,fuse,open,176,0.000537613
fuse_uppercase,fuse,open,177,0.000420085
fuse_uppercase,fuse,open,178,0.000544415
fuse_uppercase,fuse,open,179,0.000457648
fuse_uppercase,fuse,open,180,0.000379948
fuse_uppercase,fuse,open,181,0.000532986
fuse_uppercase,fuse,open,182,0.000537350
fuse_uppercase,fuse,open,183,0.000387788
fuse_uppercase,fuse,open,184,0.000403451
fuse_uppercase,fuse,open,185,0.000421060
fuse_uppercase,fuse,open,186,0.000433614
fuse_uppercase,fuse,open,187,0.000467597
fuse_uppercase,fuse,open,188,0.000366047
fuse_uppercase,fuse,open,189,0.000479175
fuse_uppercase,fuse,open,190,0.000422364
fuse_uppercase,fuse,open,191,0.000599296
fuse_uppercase,fuse,open,192,0.000412671
fuse_uppercase,fuse,open,193,0.000460815
fuse_uppercase,fuse,open,194,0.000409195
fuse_uppercase,fuse,open,195,0.000389210
fuse_uppercase,fuse,open,196,0.000296983
fuse_uppercase,fuse,open,197,0.000363195
fuse_uppercase,fuse,open,198,0.000565637
fuse_uppercase,fuse,open,199,0.000550490
fuse_uppercase,fuse,open,200,0.000396373
fuse_uppercase,fuse,read,1,0.000150669
fuse_uppercase,fuse,read,2,0.000141072
fuse_uppercase,fuse,read,3,0.000146695
fuse_uppercase,fuse,read,4,0.000122608
fuse_uppercase,fuse,read,5,0.000167336
fuse_uppercase,fuse,read,6,0.000226783
fuse_uppercase,fuse,read,7,0.000160753
fuse_uppercase,fuse,read,8,0.000233870
fuse_uppercase,fuse,read,9,0.000173729
fuse_uppercase,fuse,read,10,0.000155111
fuse_uppercase,fuse,read,11,0.000090938
fuse_uppercase,fuse,read,12,0.000174272
fuse_uppercase,fuse,read,13,0.000116748
fuse_uppercase,fuse,read,14,0.000151416
fuse_uppercase,fuse,read,15,0.000161353
fuse_uppercase,fuse,read,16,0.000207387
fuse_uppercase,fuse,read,17,0.000158657
fuse_uppercase,fuse,read,18,0.000220244
fuse_uppercase,fuse,read,19,0.000200005
fuse_uppercase,fuse,read,20,0.000127382
fuse_uppercase,fuse,read,21,0.000097360
fuse_uppercase,fuse,read,22,0.000079995
fuse_uppercase,fuse,read,23,0.000215093
fuse_uppercase,fuse,read,24,0.000076090
fuse_uppercase,fuse,read,25,0.000078722
fuse_uppercase,fuse,read,26,0.000165356
fuse_uppercase,fuse,read,27,0.000080906
fuse_uppercase,fuse,read,28,0.000080205
fuse_uppercase,fuse,read,29,0.000116406
fuse_uppercase,fuse,read,30,0.000144181
fuse_uppercase,fuse,read,31,0.000079543
fuse_uppercase,fuse,read,32,0.000163147
fuse_uppercase,fuse,read,33,0.000173117
fuse_uppercase,fuse,read,34,0.000288548
fuse_uppercase,fuse,read,35,0.000228629
fuse_uppercase,fuse,read,36,0.000150058
fuse_uppercase,fuse,read,37,0.000270476
fuse_uppercase,fuse,read,38,0.000130924
fuse_uppercase,fuse,read,39,0.000081642
fuse_uppercase,fuse,read,40,0.000208978
fuse_uppercase,fuse,read,41,0.000150223
fuse_uppercase,fuse,read,42,0.000131318
fuse_uppercase,fuse,read,43,0.000133954
fuse_uppercase,fuse,read,44,0.000141417
fuse_uppercase,fuse,read,45,0.000145263
fuse_uppercase,fuse,read,46,0.000089212
fuse_uppercase,fuse,read,47,0.000076376
fuse_uppercase,fuse,read,48,0.000074360
fuse_uppercase,fuse,read,49,0.000138081
fuse_uppercase,fuse,read,50,0.000091262
fuse_uppercase,fuse,read,51,0.000143196
fuse_uppercase,fuse,read,52,0.000173105
fuse_uppercase,fuse,read,53,0.000144657
fuse_uppercase,fuse,read,54,0.000095005
fuse_uppercase,fuse,read,55,0.000122127
fuse_uppercase,fuse,read,56,0.000089341
fuse_uppercase,fuse,read,57,0.000248280
fuse_uppercase,fuse,read,58,0.000108545
fuse_uppercase,fuse,read,59,0.000191630
fuse_uppercase,fuse,read,60,0.000177466
fuse_uppercase,fuse,read,61,0.000138904
fuse_uppercase,fuse,read,62,0.000248676
fuse_uppercase,fuse,read,63,0.000165302
fuse_uppercase,fuse,read,64,0.000185429
fuse_uppercase,fuse,read,65,0.000107909
fuse_uppercase,fuse,read,66,0.000151635
fuse_uppercase,fuse,read,67,0.000089249
fuse_uppercase,fuse,read,68,0.000154469
fuse_uppercase,fuse,read,69,0.000135836
fuse_uppercase,fuse,read,70,0.000198200
fuse_uppercase,fuse,read,71,0.000205142
fuse_uppercase,fuse,read,72,0.000212105
fuse_uppercase,fuse,read,73,0.000153212
fuse_uppercase,fuse,read,74,0.000195023
fuse_uppercase,fuse,read,75,0.000139491
fuse_uppercase,fuse,read,76,0.000254795
fuse_uppercase,fuse,read,77,0.000166463
fuse_uppercase,fuse,read,78,0.000159424
fuse_uppercase,fuse,read,79,0.000114999
fuse_uppercase,fuse,read,80,0.000219890
fuse_uppercase,fuse,read,81,0.000218758
fuse_uppercase,fuse,read,82,0.000164935
fuse_uppercase,fuse,read,83,0.000077399
fuse_uppercase,fuse,read,84,0.000147065
fuse_uppercase,fuse,read,85,0.000154583
fuse_uppercase,fuse,read,86,0.000078390
fuse_uppercase,fuse,read,87,0.000206749
fuse_uppercase,fuse,read,88,0.000211063
fuse_uppercase,fuse,read,89,0.000235724
fuse_uppercase,fuse,read,90,0.000155912
fuse_uppercase,fuse,read,91,0.000204776
fuse_uppercase,fuse,read,92,0.000222205
fuse_uppercase,fuse,read,93,0.000138254
fuse_uppercase,fuse,read,94,0.000102524
fuse_uppercase,fuse,read,95,0.000127267
fuse_uppercase,fuse,read,96,0.000084637
fuse_uppercase,fuse,read,97,0.000121387
fuse_uppercase,fuse,read,98,0.000145628
fuse_uppercase,fuse,read,99,0.000100090
fuse_uppercase,fuse,read,100,0.000160145
fuse_uppercase,fuse,read,101,0.000100738
fuse_uppercase,fuse,read,102,0.000121289
fuse_uppercase,fuse,read,103,0.000129385
fuse_uppercase,fuse,read,104,0.000132930
fuse_uppercase,fuse,read,105,0.000145541
fuse_uppercase,fuse,read,106,0.000187638
fuse_uppercase,fuse,read,107,0.000131500
fuse_uppercase,fuse,read,108,0.000080275
fuse_uppercase,fuse,read,109,0.000094227
fuse_uppercase,fuse,read,110,0.000272949
fuse_uppercase,fuse,read,111,0.000221144
fuse_uppercase,fuse,read,112,0.000146640
fuse_uppercase,fuse,read,113,0.000147970
fuse_uppercase,fuse,read,114,0.000134606
fuse_uppercase,fuse,read,115,0.000179946
fuse_uppercase,fuse,read,116,0.000127680
fuse_uppercase,fuse,read,117,0.000171518
fuse_uppercase,fuse,read,118,0.000224596
fuse_uppercase,fuse,read,119,0.000161668
fuse_uppercase,fuse,read,120,0.000176814
fuse_uppercase,fuse,read,121,0.000100580
fuse_uppercase,fuse,read,122,0.000208892
fuse_uppercase,fuse,read,123,0.000140368
fuse_uppercase,fuse,read,124,0.000152477
fuse_uppercase,fuse,read,125,0.000161375
fuse_uppercase,fuse,read,126,0.000096461
fuse_uppercase,fuse,read,127,0.000160523
fuse_uppercase,fuse,read,128,0.000131121
fuse_uppercase,fuse,read,129,0.000088905
fuse_uppercase,fuse,read,130,0.000171147
fuse_uppercase,fuse,read,131,0.000161886
fuse_uppercase,fuse,read,132,0.000121676
fuse_uppercase,fuse,read,133,0.000155848
fuse_uppercase,fuse,read,134,0.000224499
fuse_uppercase,fuse,read,135,0.000109030
fuse_uppercase,fuse,read,136,0.000149642
fuse_uppercase,fuse,read,137,0.000278389
fuse_uppercase,fuse,read,138,0.000161827
fuse_uppercase,fuse,read,139,0.000179206
fuse_uppercase,fuse,read,140,0.000207209
fuse_uppercase,fuse,read,141,0.000134115
fuse_uppercase,fuse,read,142,0.000238905
fuse_uppercase,fuse,read,143,0.000152309
fuse_uppercase,fuse,read,144,0.000197515
fuse_uppercase,fuse,read,145,0.000159623
fuse_uppercase,fuse,read,146,0.000165969
fuse_uppercase,fuse,read,147,0.000177608
fuse_uppercase,fuse,read,148,0.000226736
fuse_uppercase,fuse,read,149,0.000276144
fuse_uppercase,fuse,read,150,0.000138449
fuse_uppercase,fuse,read,151,0.000222790
fuse_uppercase,fuse,read,152,0.000169003
fuse_uppercase,fuse,read,153,0.000147547
fuse_uppercase,fuse,read,154,0.000222803
fuse_uppercase,fuse,read,155,0.000179761
fuse_uppercase,fuse,read,156,0.000153679
fuse_uppercase,fuse,read,157,0.000150695
fuse_uppercase,fuse,read,158,0.000131954
fuse_uppercase,fuse,read,159,0.000259431
fuse_uppercase,fuse,read,160,0.000218996
fuse_uppercase,fuse,read,161,0.000147435
fuse_uppercase,fuse,read,162,0.000146859
fuse_uppercase,fuse,read,163,0.000213419
fuse_uppercase,fuse,read,164,0.000162213
fuse_uppercase,fuse,read,165,0.000082941
fuse_uppercase,fuse,read,166,0.000147828
fuse_uppercase,fuse,read,167,0.000166842
fuse_uppercase,fuse,read,168,0.000181972
fuse_uppercase,fuse,read,169,0.000165539
fuse_uppercase,fuse,read,170,0.000228788
fuse_uppercase,fuse,read,171,0.000117679
fuse_uppercase,fuse,read,172,0.000070981
fuse_uppercase,fuse,read,173,0.000084161
fuse_uppercase,fuse,read,174,0.000071971
fuse_uppercase,fuse,read,175,0.000105351
fuse_uppercase,fuse,read,176,0.000152434
fuse_uppercase,fuse,read,177,0.000227133
fuse_uppercase,fuse,read,178,0.000184609
fuse_uppercase,fuse,read,179,0.000154345
fuse_uppercase,fuse,read,180,0.000221695
fuse_uppercase,fuse,read,181,0.000170300
fuse_uppercase,fuse,read,182,0.000181274
fuse_uppercase,fuse,read,183,0.000225559
fuse_uppercase,fuse,read,184,0.000103375
fuse_uppercase,fuse,read,185,0.000086141
fuse_uppercase,fuse,read,186,0.000295362
fuse_uppercase,fuse,read,187,0.000244494
fuse_uppercase,fuse,read,188,0.000167312
fuse_uppercase,fuse,read,189,0.000085113
fuse_uppercase,fuse,read,190,0.000107120
fuse_uppercase,fuse,read,191,0.000122304
fuse_uppercase,fuse,read,192,0.000345610
fuse_uppercase,fuse,read,193,0.000090891
fuse_uppercase,fuse,read,194,0.000145694
fuse_uppercase,fuse,read,195,0.000215779
fuse_uppercase,fuse,read,196,0.000224664
fuse_uppercase,fuse,read,197,0.000183696
fuse_uppercase,fuse,read,198,0.000266152
fuse_uppercase,fuse,read,199,0.000167739
fuse_uppercase,fuse,read,200,0.000073762
fuse_uppercase,fuse,write,1,0.000237610
fuse_uppercase,fuse,write,2,0.000199638
fuse_uppercase,fuse,write,3,0.000191483
fuse_uppercase,fuse,write,4,0.000203382
fuse_uppercase,fuse,write,5,0.000146513
fuse_uppercase,fuse,write,6,0.000200562
fuse_uppercase,fuse,write,7,0.000305527
fuse_uppercase,fuse,write,8,0.000203979
fuse_uppercase,fuse,write,9,0.000164958
fuse_uppercase,fuse,write,10,0.000219265
fuse_uppercase,fuse,write,11,0.000185399
fuse_uppercase,fuse,write,12,0.000211781
fuse_uppercase,fuse,write,13,0.000293612
fuse_uppercase,fuse,write,14,0.000264147
fuse_uppercase,fuse,write,15,0.000151432
fuse_uppercase,fuse,write,16,0.000197054
fuse_uppercase,fuse,write,17,0.000258605
fuse_uppercase,fuse,write,18,0.000201882
fuse_uppercase,fuse,write,19,0.000178205
fuse_uppercase,fuse,write,20,0.000234775
fuse_uppercase,fuse,write,21,0.000180915
fuse_uppercase,fuse,write,22,0.000245242
fuse_uppercase,fuse,write,23,0.000163270
fuse_uppercase,fuse,write,24,0.000131863
fuse_uppercase,fuse,write,25,0.000283340
fuse_uppercase,fuse,write,26,0.000180383
fuse_uppercase,fuse,write,27,0.000162552
fuse_uppercase,fuse,write,28,0.000167280
fuse_uppercase,fuse,write,29,0.000225951
fuse_uppercase,fuse,write,30,0.000155557
fuse_uppercase,fuse,write,31,0.000242205
fuse_uppercase,fuse,write,32,0.000254408
fuse_uppercase,fuse,write,33,0.000253148
fuse_uppercase,fuse,write,34,0.000158823
fuse_uppercase,fuse,write,35,0.000202014
fuse_uppercase,fuse,write,36,0.000182666
fuse_uppercase,fuse,write,37,0.000307397
fuse_uppercase,fuse,write,38,0.000216544
fuse_uppercase,fuse,write,39,0.000306427
fuse_uppercase,fuse,write,40,0.000159917
fuse_uppercase,fuse,write,41,0.000184699
fuse_uppercase,fuse,write,42,0.000152404
fuse_uppercase,fuse,write,43,0.000117035
fuse_uppercase,fuse,write,44,0.000170020
fuse_uppercase,fuse,write,45,0.000241541
fuse_uppercase,fuse,write,46,0.000154780
fuse_uppercase,fuse,write,47,0.000239985
fuse_uppercase,fuse,write,48,0.000274191
fuse_uppercase,fuse,write,49,0.000210525
fuse_uppercase,fuse,write,50,0.000181801
fuse_uppercase,fuse,write,51,0.000219644
fuse_uppercase,fuse,write,52,0.000293469
fuse_uppercase,fuse,write,53,0.000305959
fuse_uppercase,fuse,write,54,0.000253979
fuse_uppercase,fuse,write,55,0.000186977
fuse_uppercase,fuse,write,56,0.000266719
fuse_uppercase,fuse,write,57,0.000154708
fuse_uppercase,fuse,write,58,0.000134599
fuse_uppercase,fuse,write,59,0.000105119
fuse_uppercase,fuse,write,60,0.000213894
fuse_uppercase,fuse,write,61,0.000165494
fuse_uppercase,fuse,write,62,0.000183906
fuse_uppercase,fuse,write,63,0.000135857
fuse_uppercase,fuse,write,64,0.000180775
fuse_uppercase,fuse,write,65,0.000225396
fuse_uppercase,fuse,write,66,0.000186042
fuse_uppercase,fuse,write,67,0.000183962
fuse_uppercase,fuse,write,68,0.000140857
fuse_uppercase,fuse,write,69,0.000256373
fuse_uppercase,fuse,write,70,0.000139465
fuse_uppercase,fuse,write,71,0.000194323
fuse_uppercase,fuse,write,72,0.000095836
fuse_uppercase,fuse,write,73,0.000197716
fuse_uppercase,fuse,write,74,0.000362794
fuse_uppercase,fuse,write,75,0.000216660
fuse_uppercase,fuse,write,76,0.000215007
fuse_uppercase,fuse,write,77,0.000280892
fuse_uppercase,fuse,write,78,0.000292087
fuse_uppercase,fuse,write,79,0.000150960
fuse_uppercase,fuse,write,80,0.000173437
fuse_uppercase,fuse,write,81,0.000195704
fuse_uppercase,fuse,write,82,0.000145566
fuse_uppercase,fuse,write,83,0.000207200
fuse_uppercase,fuse,write,84,0.000227379
fuse_uppercase,fuse,write,85,0.000168439
fuse_uppercase,fuse,write,86,0.000126590
fuse_uppercase,fuse,write,87,0.000225454
fuse_uppercase,fuse,write,88,0.000219170
fuse_uppercase,fuse,write,89,0.000161702
fuse_uppercase,fuse,write,90,0.000173383
fuse_uppercase,fuse,write,91,0.000203191
fuse_uppercase,fuse,write,92,0.000212568
fuse_uppercase,fuse,write,93,0.000123937
fuse_uppercase,fuse,write,94,0.000173943
fuse_uppercase,fuse,write,95,0.000301639
fuse_uppercase,fuse,write,96,0.000152028
fuse_uppercase,fuse,write,97,0.000227374
fuse_uppercase,fuse,write,98,0.000269762
fuse_uppercase,fuse,write,99,0.000165983
fuse_uppercase,fuse,write,100,0.000308785
fuse_uppercase,fuse,write,101,0.000217664
fuse_uppercase,fuse,write,102,0.000174154
fuse_uppercase,fuse,write,103,0.000280083
fuse_uppercase,fuse,write,104,0.000135146
fuse_uppercase,fuse,write,105,0.000171799
fuse_uppercase,fuse,write,106,0.000238134
fuse_uppercase,fuse,write,107,0.000189704
fuse_uppercase,fuse,write,108,0.000312970
fuse_uppercase,fuse,write,109,0.000205609
fuse_uppercase,fuse,write,110,0.000295734
fuse_uppercase,fuse,write,111,0.000182976
fuse_uppercase,fuse,write,112,0.000258351
fuse_uppercase,fuse,write,113,0.000122934
fuse_uppercase,fuse,write,114,0.000253807
fuse_uppercase,fuse,write,115,0.000132466
fuse_uppercase,fuse,write,116,0.000179573
fuse_uppercase,fuse,write,117,0.000173338
fuse_uppercase,fuse,write,118,0.000227813
fuse_uppercase,fuse,write,119,0.000211016
fuse_uppercase,fuse,write,120,0.000094235
fuse_uppercase,fuse,write,121,0.000125518
fuse_uppercase,fuse,write,122,0.000166531
fuse_uppercase,fuse,write,123,0.000181956
fuse_uppercase,fuse,write,124,0.000266207
fuse_uppercase,fuse,write,125,0.000124563
fuse_uppercase,fuse,write,126,0.000195201
fuse_uppercase,fuse,write,127,0.000179272
fuse_uppercase,fuse,write,128,0.000247873
fuse_uppercase,fuse,write,129,0.000223505
fuse_uppercase,fuse,write,130,0.000203551
fuse_uppercase,fuse,write,131,0.000189646
fuse_uppercase,fuse,write,132,0.000189072
fuse_uppercase,fuse,write,133,0.000188923
fuse_uppercase,fuse,write,134,0.000163335
fuse_uppercase,fuse,write,135,0.000203970
fuse_uppercase,fuse,write,136,0.000215069
fuse_uppercase,fuse,write,137,0.000291615
fuse_uppercase,fuse,write,138,0.000257114
fuse_uppercase,fuse,write,139,0.000201328
fuse_uppercase,fuse,write,140,0.000260524
fuse_uppercase,fuse,write,141,0.000148420
fuse_uppercase,fuse,write,142,0.000138189
fuse_uppercase,fuse,write,143,0.000169108
fuse_uppercase,fuse,write,144,0.000163771
fuse_uppercase,fuse,write,145,0.000084632
fuse_uppercase,fuse,write,146,0.000174171
fuse_uppercase,fuse,write,147,0.000199862
fuse_uppercase,fuse,write,148,0.000231214
fuse_uppercase,fuse,write,149,0.000142119
fuse_uppercase,fuse,write,150,0.000263667
fuse_uppercase,fuse,write,151,0.000309710
fuse_uppercase,fuse,write,152,0.000167708
fuse_uppercase,fuse,write,153,0.000212065
fuse_uppercase,fuse,write,154,0.000170095
fuse_uppercase,fuse,write,155,0.000206620
fuse_uppercase,fuse,write,156,0.000176796
fuse_uppercase,fuse,write,157,0.000117145
fuse_uppercase,fuse,write,158,0.000158357
fuse_uppercase,fuse,write,159,0.000168016
fuse_uppercase,fuse,write,160,0.000186563
fuse_uppercase,fuse,write,161,0.000165346
fuse_uppercase,fuse,write,162,0.000168615
fuse_uppercase,fuse,write,163,0.000160400
fuse_uppercase,fuse,write,164,0.000193013
fuse_uppercase,fuse,write,165,0.000269445
fuse_uppercase,fuse,write,166,0.000170953
fuse_uppercase,fuse,write,167,0.000256618
fuse_uppercase,fuse,write,168,0.000228180
fuse_uppercase,fuse,write,169,0.000202785
fuse_uppercase,fuse,write,170,0.000199812
fuse_uppercase,fuse,write,171,0.000190286
fuse_uppercase,fuse,write,172,0.000201315
fuse_uppercase,fuse,write,173,0.000133688
fuse_uppercase,fuse,write,174,0.000167742
fuse_uppercase,fuse,write,175,0.000154327
fuse_uppercase,fuse,write,176,0.000290504
fuse_uppercase,fuse,write,177,0.000164127
fuse_uppercase,fuse,write,178,0.000146333
fuse_uppercase,fuse,write,179,0.000203897
fuse_uppercase,fuse,write,180,0.000192648
fuse_uppercase,fuse,write,181,0.000122029
fuse_uppercase,fuse,write,182,0.000100030
fuse_uppercase,fuse,write,183,0.000107172
fuse_uppercase,fuse,write,184,0.000174061
fuse_uppercase,fuse,write,185,0.000156571
fuse_uppercase,fuse,write,186,0.000119140
fuse_uppercase,fuse,write,187,0.000159679
fuse_uppercase,fuse,write,188,0.000219035
fuse_uppercase,fuse,write,189,0.000156364
fuse_uppercase,fuse,write,190,0.000143443
fuse_uppercase,fuse,write,191,0.000225595
fuse_uppercase,fuse,write,192,0.000157574
fuse_uppercase,fuse,write,193,0.000222738
fuse_uppercase,fuse,write,194,0.000152250
fuse_uppercase,fuse,write,195,0.000147504
fuse_uppercase,fuse,write,196,0.000146522
fuse_uppercase,fuse,write,197,0.000142448
fuse_uppercase,fuse,write,198,0.000200412
fuse_uppercase,fuse,write,199,0.000143536
fuse_uppercase,fuse,write,200,0.000098568
fuse_uppercase,fuse,getattr,1,0.000005696
fuse_uppercase,fuse,getattr,2,0.000001548
fuse_uppercase,fuse,getattr,3,0.000001550
fuse_uppercase,fuse,getattr,4,0.000001600
fuse_uppercase,fuse,getattr,5,0.000001526
fuse_uppercase,fuse,getattr,6,0.000001420
fuse_uppercase,fuse,getattr,7,0.000001586
fuse_uppercase,fuse,getattr,8,0.000001457
fuse_uppercase,fuse,getattr,9,0.000001456
fuse_uppercase,fuse,getattr,10,0.000001400
fuse_uppercase,fuse,getattr,11,0.000001583
fuse_uppercase,fuse,getattr,12,0.000001570
fuse_uppercase,fuse,getattr,13,0.000001428
fuse_uppercase,fuse,getattr,14,0.000001518
fuse_uppercase,fuse,getattr,15,0.000001500
fuse_uppercase,fuse,getattr,16,0.000001656
fuse_uppercase,fuse,getattr,17,0.000001523
fuse_uppercase,fuse,getattr,18,0.000001497
fuse_uppercase,fuse,getattr,19,0.000001484
fuse_uppercase,fuse,getattr,20,0.000001448
fuse_uppercase,fuse,getattr,21,0.000001435
fuse_uppercase,fuse,getattr,22,0.000001574
fuse_uppercase,fuse,getattr,23,0.000001463
fuse_uppercase,fuse,getattr,24,0.000002276
fuse_uppercase,fuse,getattr,25,0.000001985
fuse_uppercase,fuse,getattr,26,0.000002338
fuse_uppercase,fuse,getattr,27,0.000001513
fuse_uppercase,fuse,getattr,28,0.000001474
fuse_uppercase,fuse,getattr,29,0.000001474
fuse_uppercase,fuse,getattr,30,0.000001531
fuse_uppercase,fuse,getattr,31,0.000001403
fuse_uppercase,fuse,getattr,32,0.000001426
fuse_uppercase,fuse,getattr,33,0.000001430
fuse_uppercase,fuse,getattr,34,0.000001445
fuse_uppercase,fuse,getattr,35,0.000001475
fuse_uppercase,fuse,getattr,36,0.000001396
fuse_uppercase,fuse,getattr,37,0.000001404
fuse_uppercase,fuse,getattr,38,0.000001494
fuse_uppercase,fuse,getattr,39,0.000001452
fuse_uppercase,fuse,getattr,40,0.000001356
fuse_uppercase,fuse,getattr,41,0.000001407
fuse_uppercase,fuse,getattr,42,0.000007705
fuse_uppercase,fuse,getattr,43,0.000001373
fuse_uppercase,fuse,getattr,44,0.000001513
fuse_uppercase,fuse,getattr,45,0.000003972
fuse_uppercase,fuse,getattr,46,0.000002105
fuse_uppercase,fuse,getattr,47,0.000001790
fuse_uppercase,fuse,getattr,48,0.000001451
fuse_uppercase,fuse,getattr,49,0.000001636
fuse_uppercase,fuse,getattr,50,0.000001520
fuse_uppercase,fuse,getattr,51,0.000001391
fuse_uppercase,fuse,getattr,52,0.000001537
fuse_uppercase,fuse,getattr,53,0.000001586
fuse_uppercase,fuse,getattr,54,0.000001568
fuse_uppercase,fuse,getattr,55,0.000001503
fuse_uppercase,fuse,getattr,56,0.000002845
fuse_uppercase,fuse,getattr,57,0.000001630
fuse_uppercase,fuse,getattr,58,0.000001512
fuse_uppercase,fuse,getattr,59,0.000001573
fuse_uppercase,fuse,getattr,60,0.000001518
fuse_uppercase,fuse,getattr,61,0.000001410
fuse_uppercase,fuse,getattr,62,0.000001412
fuse_uppercase,fuse,getattr,63,0.000001478
fuse_uppercase,fuse,getattr,64,0.000001517
fuse_uppercase,fuse,getattr,65,0.000001443
fuse_uppercase,fuse,getattr,66,0.000001321
fuse_uppercase,fuse,getattr,67,0.000001419
fuse_uppercase,fuse,getattr,68,0.000001410
fuse_uppercase,fuse,getattr,69,0.000001484
fuse_uppercase,fuse,getattr,70,0.000001602
fuse_uppercase,fuse,getattr,71,0.000001450
fuse_uppercase,fuse,getattr,72,0.000001424
fuse_uppercase,fuse,getattr,73,0.000001500
fuse_uppercase,fuse,getattr,74,0.000002492
fuse_uppercase,fuse,getattr,75,0.000001464
fuse_uppercase,fuse,getattr,76,0.000001373
fuse_uppercase,fuse,getattr,77,0.000001480
fuse_uppercase,fuse,getattr,78,0.000001446
fuse_uppercase,fuse,getattr,79,0.000001493
fuse_uppercase,fuse,getattr,80,0.000001423
fuse_uppercase,fuse,getattr,81,0.000001418
fuse_uppercase,fuse,getattr,82,0.000001497
fuse_uppercase,fuse,getattr,83,0.000001489
fuse_uppercase,fuse,getattr,84,0.000001396
fuse_uppercase,fuse,getattr,85,0.000001390
fuse_uppercase,fuse,getattr,86,0.000001399
fuse_uppercase,fuse,getattr,87,0.000001362
fuse_uppercase,fuse,getattr,88,0.000001474
fuse_uppercase,fuse,getattr,89,0.000003786
fuse_uppercase,fuse,getattr,90,0.000001555
fuse_uppercase,fuse,getattr,91,0.000001536
fuse_uppercase,fuse,getattr,92,0.000001514
fuse_uppercase,fuse,getattr,93,0.000001565
fuse_uppercase,fuse,getattr,94,0.000001779
fuse_uppercase,fuse,getattr,95,0.000001398
fuse_uppercase,fuse,getattr,96,0.000001472
fuse_uppercase,fuse,getattr,97,0.000001395
fuse_uppercase,fuse,getattr,98,0.000001454
fuse_uppercase,fuse,getattr,99,0.000001394
fuse_uppercase,fuse,getattr,100,0.000001473
fuse_uppercase,fuse,getattr,101,0.000001398
fuse_uppercase,fuse,getattr,102,0.000002456
fuse_uppercase,fuse,getattr,103,0.000001501
fuse_uppercase,fuse,getattr,104,0.000001499
fuse_uppercase,fuse,getattr,105,0.000001463
fuse_uppercase,fuse,getattr,106,0.000001617
fuse_uppercase,fuse,getattr,107,0.000002668
fuse_uppercase,fuse,getattr,108,0.000001431
fuse_uppercase,fuse,getattr,109,0.000001676
fuse_uppercase,fuse,getattr,110,0.000001483
fuse_uppercase,fuse,getattr,111,0.000001598
fuse_uppercase,fuse,getattr,112,0.000001598
fuse_uppercase,fuse,getattr,113,0.000001398
fuse_uppercase,fuse,getattr,114,0.000001432
fuse_uppercase,fuse,getattr,115,0.000001414
fuse_uppercase,fuse,getattr,116,0.000001663
fuse_uppercase,fuse,getattr,117,0.000001500
fuse_uppercase,fuse,getattr,118,0.000001501
fuse_uppercase,fuse,getattr,119,0.000001595
fuse_uppercase,fuse,getattr,120,0.000001522
fuse_uppercase,fuse,getattr,121,0.000001601
fuse_uppercase,fuse,getattr,122,0.000001452
fuse_uppercase,fuse,getattr,123,0.000001471
fuse_uppercase,fuse,getattr,124,0.000001430
fuse_uppercase,fuse,getattr,125,0.000001556
fuse_uppercase,fuse,getattr,126,0.000001399
fuse_uppercase,fuse,getattr,127,0.000002334
fuse_uppercase,fuse,getattr,128,0.000001489
fuse_uppercase,fuse,getattr,129,0.000001455
fuse_uppercase,fuse,getattr,130,0.000001372
fuse_uppercase,fuse,getattr,131,0.000001541
fuse_uppercase,fuse,getattr,132,0.000005357
fuse_uppercase,fuse,getattr,133,0.000001589
fuse_uppercase,fuse,getattr,134,0.000001458
fuse_uppercase,fuse,getattr,135,0.000001529
fuse_uppercase,fuse,getattr,136,0.000001523
fuse_uppercase,fuse,getattr,137,0.000002291
fuse_uppercase,fuse,getattr,138,0.000001607
fuse_uppercase,fuse,getattr,139,0.000002621
fuse_uppercase,fuse,getattr,140,0.000001500
fuse_uppercase,fuse,getattr,141,0.000001459
fuse_uppercase,fuse,getattr,142,0.000001660
fuse_uppercase,fuse,getattr,143,0.000001554
fuse_uppercase,fuse,getattr,144,0.000001497
fuse_uppercase,fuse,getattr,145,0.000001689
fuse_uppercase,fuse,getattr,146,0.000001520
fuse_uppercase,fuse,getattr,147,0.000001428
fuse_uppercase,fuse,getattr,148,0.000001501
fuse_uppercase,fuse,getattr,149,0.000001416
fuse_uppercase,fuse,getattr,150,0.000001519
fuse_uppercase,fuse,getattr,151,0.000001545
fuse_uppercase,fuse,getattr,152,0.000001534
fuse_uppercase,fuse,getattr,153,0.000001314
fuse_uppercase,fuse,getattr,154,0.000001575
fuse_uppercase,fuse,getattr,155,0.000001512
fuse_uppercase,fuse,getattr,156,0.000001519
fuse_uppercase,fuse,getattr,157,0.000002715
fuse_uppercase,fuse,getattr,158,0.000001539
fuse_uppercase,fuse,getattr,159,0.000001537
fuse_uppercase,fuse,getattr,160,0.000001654
fuse_uppercase,fuse,getattr,161,0.000001522
fuse_uppercase,fuse,getattr,162,0.000001527
fuse_uppercase,fuse,getattr,163,0.000001521
fuse_uppercase,fuse,getattr,164,0.000001513
fuse_uppercase,fuse,getattr,165,0.000001492
fuse_uppercase,fuse,getattr,166,0.000001684
fuse_uppercase,fuse,getattr,167,0.000001473
fuse_uppercase,fuse,getattr,168,0.000003239
fuse_uppercase,fuse,getattr,169,0.000001594
fuse_uppercase,fuse,getattr,170,0.000001510
fuse_uppercase,fuse,getattr,171,0.000001460
fuse_uppercase,fuse,getattr,172,0.000001483
fuse_uppercase,fuse,getattr,173,0.000001545
fuse_uppercase,fuse,getattr,174,0.000004188
fuse_uppercase,fuse,getattr,175,0.000001433
fuse_uppercase,fuse,getattr,176,0.000001500
fuse_uppercase,fuse,getattr,177,0.000001615
fuse_uppercase,fuse,getattr,178,0.000001489
fuse_uppercase,fuse,getattr,179,0.000001458
fuse_uppercase,fuse,getattr,180,0.000001672
fuse_uppercase,fuse,getattr,181,0.000001463
fuse_uppercase,fuse,getattr,182,0.000001436
fuse_uppercase,fuse,getattr,183,0.000001399
fuse_uppercase,fuse,getattr,184,0.000001525
fuse_uppercase,fuse,getattr,185,0.000001526
fuse_uppercase,fuse,getattr,186,0.000001425
fuse_uppercase,fuse,getattr,187,0.000001553
fuse_uppercase,fuse,getattr,188,0.000001391
fuse_uppercase,fuse,getattr,189,0.000001595
fuse_uppercase,fuse,getattr,190,0.000001531
fuse_uppercase,fuse,getattr,191,0.000001446
fuse_uppercase,fuse,getattr,192,0.000001597
fuse_uppercase,fuse,getattr,193,0.000002238
fuse_uppercase,fuse,getattr,194,0.000001483
fuse_uppercase,fuse,getattr,195,0.000001439
fuse_uppercase,fuse,getattr,196,0.000001440
fuse_uppercase,fuse,getattr,197,0.000001487
fuse_uppercase,fuse,getattr,198,0.000001646
fuse_uppercase,fuse,getattr,199,0.000001410
fuse_uppercase,fuse,getattr,200,0.000001510
