2025/12/17 22:53:22 Starting supervisor with config: config/config.json, workers: 4
2025/12/17 22:53:22 Starting 4 workers
2025/12/17 22:53:22 Started worker 0 with PID 4957 (nice=0, cpus=)
2025/12/17 22:53:22 Started worker 1 with PID 4958 (nice=0, cpus=)
2025/12/17 22:53:22 Started worker 2 with PID 4962 (nice=0, cpus=)
2025/12/17 22:53:22 Started worker 3 with PID 4966 (nice=0, cpus=)
2025/12/17 22:53:22 Supervisor main loop started
2025/12/17 22:53:22 [worker 1] Started, PID=4958, mode=heavy, nice=0, affinity=[0 1]
2025/12/17 22:53:22 [worker 0] Started, PID=4957, mode=heavy, nice=0, affinity=[0 1]
2025/12/17 22:53:22 [worker 2] Started, PID=4962, mode=heavy, nice=0, affinity=[0 1]
2025/12/17 22:53:22 [worker 3] Started, PID=4966, mode=heavy, nice=0, affinity=[0 1]
2025/12/17 22:53:23 [worker 2] tick=10 mode=heavy work_us=9000 sleep_us=1000 cpu=1
2025/12/17 22:53:23 [worker 0] tick=10 mode=heavy work_us=9000 sleep_us=1000 cpu=0
2025/12/17 22:53:23 [worker 3] tick=10 mode=heavy work_us=9000 sleep_us=1000 cpu=1
2025/12/17 22:53:23 [worker 1] tick=10 mode=heavy work_us=9000 sleep_us=1000 cpu=1
2025/12/17 22:53:23 [worker 2] tick=20 mode=heavy work_us=9000 sleep_us=1000 cpu=1
2025/12/17 22:53:23 [worker 0] tick=20 mode=heavy work_us=9000 sleep_us=1000 cpu=0
2025/12/17 22:53:23 [worker 3] tick=20 mode=heavy work_us=9000 sleep_us=1000 cpu=1
2025/12/17 22:53:23 [worker 1] tick=20 mode=heavy work_us=9000 sleep_us=1000 cpu=1
2025/12/17 22:53:23 [worker 2] tick=30 mode=heavy work_us=9000 sleep_us=1000 cpu=1
2025/12/17 22:53:23 [worker 0] tick=30 mode=heavy work_us=9000 sleep_us=1000 cpu=0
2025/12/17 22:53:23 [worker 1] tick=30 mode=heavy work_us=9000 sleep_us=1000 cpu=1
2025/12/17 22:53:23 [worker 3] tick=30 mode=heavy work_us=9000 sleep_us=1000 cpu=1
2025/12/17 22:53:23 [worker 2] tick=40 mode=heavy work_us=9000 sleep_us=1000 cpu=1
2025/12/17 22:53:23 [worker 1] tick=40 mode=heavy work_us=9000 sleep_us=1000 cpu=1
2025/12/17 22:53:23 [worker 0] tick=40 mode=heavy work_us=9000 sleep_us=1000 cpu=0
2025/12/17 22:53:23 [worker 3] tick=40 mode=heavy work_us=9000 sleep_us=1000 cpu=1
2025/12/17 22:53:23 [worker 2] tick=50 mode=heavy work_us=9000 sleep_us=1000 cpu=1
2025/12/17 22:53:23 [worker 3] tick=50 mode=heavy work_us=9000 sleep_us=1000 cpu=1
2025/12/17 22:53:23 [worker 0] tick=50 mode=heavy work_us=9000 sleep_us=1000 cpu=0
2025/12/17 22:53:23 [worker 1] tick=50 mode=heavy work_us=9000 sleep_us=1000 cpu=1
2025/12/17 22:53:23 [worker 2] tick=60 mode=heavy work_us=9000 sleep_us=1000 cpu=1
2025/12/17 22:53:23 [worker 1] tick=60 mode=heavy work_us=9000 sleep_us=1000 cpu=1
2025/12/17 22:53:23 [worker 3] tick=60 mode=heavy work_us=9000 sleep_us=1000 cpu=1
2025/12/17 22:53:23 [worker 0] tick=60 mode=heavy work_us=9000 sleep_us=1000 cpu=0
2025/12/17 22:53:23 [worker 2] tick=70 mode=heavy work_us=9000 sleep_us=1000 cpu=1
2025/12/17 22:53:23 [worker 1] tick=70 mode=heavy work_us=9000 sleep_us=1000 cpu=1
2025/12/17 22:53:23 [worker 3] tick=70 mode=heavy work_us=9000 sleep_us=1000 cpu=1
2025/12/17 22:53:23 [worker 0] tick=70 mode=heavy work_us=9000 sleep_us=1000 cpu=0
2025/12/17 22:53:23 [worker 2] tick=80 mode=heavy work_us=9000 sleep_us=1000 cpu=1
2025/12/17 22:53:23 [worker 3] tick=80 mode=heavy work_us=9000 sleep_us=1000 cpu=1
2025/12/17 22:53:23 [worker 1] tick=80 mode=heavy work_us=9000 sleep_us=1000 cpu=1
2025/12/17 22:53:23 [worker 0] tick=80 mode=heavy work_us=9000 sleep_us=1000 cpu=0
2025/12/17 22:53:23 [worker 2] tick=90 mode=heavy work_us=9000 sleep_us=1000 cpu=1
2025/12/17 22:53:23 [worker 3] tick=90 mode=heavy work_us=9000 sleep_us=1000 cpu=1
2025/12/17 22:53:24 [worker 1] tick=90 mode=heavy work_us=9000 sleep_us=1000 cpu=1
2025/12/17 22:53:24 [worker 0] tick=90 mode=heavy work_us=9000 sleep_us=1000 cpu=0
2025/12/17 22:53:24 [worker 2] tick=100 mode=heavy work_us=9000 sleep_us=1000 cpu=1
2025/12/17 22:53:24 [worker 3] tick=100 mode=heavy work_us=9000 sleep_us=1000 cpu=1
2025/12/17 22:53:24 [worker 1] tick=100 mode=heavy work_us=9000 sleep_us=1000 cpu=1
2025/12/17 22:53:24 [worker 0] tick=100 mode=heavy work_us=9000 sleep_us=1000 cpu=0
2025/12/17 22:53:24 [worker 3] tick=110 mode=heavy work_us=9000 sleep_us=1000 cpu=1
2025/12/17 22:53:24 [worker 2] tick=110 mode=heavy work_us=9000 sleep_us=1000 cpu=1
2025/12/17 22:53:24 [worker 1] tick=110 mode=heavy work_us=9000 sleep_us=1000 cpu=1
2025/12/17 22:53:24 [worker 0] tick=110 mode=heavy work_us=9000 sleep_us=1000 cpu=0
2025/12/17 22:53:24 [worker 3] tick=120 mode=heavy work_us=9000 sleep_us=1000 cpu=1
2025/12/17 22:53:24 [worker 2] tick=120 mode=heavy work_us=9000 sleep_us=1000 cpu=1
2025/12/17 22:53:24 [worker 1] tick=120 mode=heavy work_us=9000 sleep_us=1000 cpu=1
2025/12/17 22:53:24 [worker 0] tick=120 mode=heavy work_us=9000 sleep_us=1000 cpu=0
2025/12/17 22:53:24 [worker 3] tick=130 mode=heavy work_us=9000 sleep_us=1000 cpu=1
2025/12/17 22:53:24 [worker 1] tick=130 mode=heavy work_us=9000 sleep_us=1000 cpu=1
2025/12/17 22:53:24 [worker 2] tick=130 mode=heavy work_us=9000 sleep_us=1000 cpu=1
2025/12/17 22:53:24 [worker 0] tick=130 mode=heavy work_us=9000 sleep_us=1000 cpu=0
2025/12/17 22:53:24 [worker 1] tick=140 mode=heavy work_us=9000 sleep_us=1000 cpu=1
2025/12/17 22:53:24 [worker 3] tick=140 mode=heavy work_us=9000 sleep_us=1000 cpu=1
2025/12/17 22:53:24 [worker 2] tick=140 mode=heavy work_us=9000 sleep_us=1000 cpu=1
2025/12/17 22:53:24 [worker 0] tick=140 mode=heavy work_us=9000 sleep_us=1000 cpu=0
2025/12/17 22:53:24 [worker 1] tick=150 mode=heavy work_us=9000 sleep_us=1000 cpu=1
2025/12/17 22:53:24 [worker 3] tick=150 mode=heavy work_us=9000 sleep_us=1000 cpu=1
2025/12/17 22:53:24 [worker 2] tick=150 mode=heavy work_us=9000 sleep_us=1000 cpu=1
2025/12/17 22:53:24 [worker 0] tick=150 mode=heavy work_us=9000 sleep_us=1000 cpu=0
2025/12/17 22:53:24 [worker 1] tick=160 mode=heavy work_us=9000 sleep_us=1000 cpu=1
2025/12/17 22:53:24 [worker 3] tick=160 mode=heavy work_us=9000 sleep_us=1000 cpu=1
2025/12/17 22:53:24 [worker 2] tick=160 mode=heavy work_us=9000 sleep_us=1000 cpu=1
2025/12/17 22:53:24 [worker 0] tick=160 mode=heavy work_us=9000 sleep_us=1000 cpu=0
2025/12/17 22:53:24 [worker 1] tick=170 mode=heavy work_us=9000 sleep_us=1000 cpu=1
2025/12/17 22:53:24 [worker 3] tick=170 mode=heavy work_us=9000 sleep_us=1000 cpu=1
2025/12/17 22:53:24 [worker 2] tick=170 mode=heavy work_us=9000 sleep_us=1000 cpu=1
2025/12/17 22:53:25 [worker 0] tick=170 mode=heavy work_us=9000 sleep_us=1000 cpu=0
2025/12/17 22:53:25 [worker 1] tick=180 mode=heavy work_us=9000 sleep_us=1000 cpu=1
2025/12/17 22:53:25 [worker 3] tick=180 mode=heavy work_us=9000 sleep_us=1000 cpu=1
2025/12/17 22:53:25 [worker 2] tick=180 mode=heavy work_us=9000 sleep_us=1000 cpu=1
2025/12/17 22:53:25 [worker 0] tick=180 mode=heavy work_us=9000 sleep_us=1000 cpu=0
2025/12/17 22:53:25 [worker 1] tick=190 mode=heavy work_us=9000 sleep_us=1000 cpu=1
2025/12/17 22:53:25 [worker 2] tick=190 mode=heavy work_us=9000 sleep_us=1000 cpu=1
2025/12/17 22:53:25 [worker 3] tick=190 mode=heavy work_us=9000 sleep_us=1000 cpu=1
2025/12/17 22:53:25 [worker 0] tick=190 mode=heavy work_us=9000 sleep_us=1000 cpu=0
2025/12/17 22:53:25 [worker 1] tick=200 mode=heavy work_us=9000 sleep_us=1000 cpu=1
2025/12/17 22:53:25 [worker 3] tick=200 mode=heavy work_us=9000 sleep_us=1000 cpu=1
2025/12/17 22:53:25 [worker 2] tick=200 mode=heavy work_us=9000 sleep_us=1000 cpu=1
2025/12/17 22:53:25 [worker 0] tick=200 mode=heavy work_us=9000 sleep_us=1000 cpu=0
2025/12/17 22:53:25 [worker 1] tick=210 mode=heavy work_us=9000 sleep_us=1000 cpu=1
2025/12/17 22:53:25 [worker 3] tick=210 mode=heavy work_us=9000 sleep_us=1000 cpu=1
2025/12/17 22:53:25 [worker 2] tick=210 mode=heavy work_us=9000 sleep_us=1000 cpu=1
2025/12/17 22:53:25 [worker 0] tick=210 mode=heavy work_us=9000 sleep_us=1000 cpu=0
2025/12/17 22:53:25 [worker 1] tick=220 mode=heavy work_us=9000 sleep_us=1000 cpu=1
2025/12/17 22:53:25 [worker 3] tick=220 mode=heavy work_us=9000 sleep_us=1000 cpu=1
2025/12/17 22:53:25 [worker 2] tick=220 mode=heavy work_us=9000 sleep_us=1000 cpu=1
2025/12/17 22:53:25 [worker 0] tick=220 mode=heavy work_us=9000 sleep_us=1000 cpu=0
2025/12/17 22:53:25 [worker 1] tick=230 mode=heavy work_us=9000 sleep_us=1000 cpu=1
2025/12/17 22:53:25 [worker 3] tick=230 mode=heavy work_us=9000 sleep_us=1000 cpu=1
2025/12/17 22:53:25 [worker 2] tick=230 mode=heavy work_us=9000 sleep_us=1000 cpu=1
2025/12/17 22:53:25 [worker 0] tick=230 mode=heavy work_us=9000 sleep_us=1000 cpu=0
2025/12/17 22:53:25 [worker 1] tick=240 mode=heavy work_us=9000 sleep_us=1000 cpu=1
2025/12/17 22:53:25 [worker 3] tick=240 mode=heavy work_us=9000 sleep_us=1000 cpu=1
2025/12/17 22:53:25 [worker 2] tick=240 mode=heavy work_us=9000 sleep_us=1000 cpu=1
2025/12/17 22:53:25 [worker 0] tick=240 mode=heavy work_us=9000 sleep_us=1000 cpu=0
2025/12/17 22:53:25 [worker 1] tick=250 mode=heavy work_us=9000 sleep_us=1000 cpu=1
2025/12/17 22:53:25 [worker 3] tick=250 mode=heavy work_us=9000 sleep_us=1000 cpu=1
2025/12/17 22:53:25 [worker 2] tick=250 mode=heavy work_us=9000 sleep_us=1000 cpu=1
2025/12/17 22:53:25 [worker 0] tick=250 mode=heavy work_us=9000 sleep_us=1000 cpu=0
2025/12/17 22:53:26 [worker 1] tick=260 mode=heavy work_us=9000 sleep_us=1000 cpu=1
2025/12/17 22:53:26 [worker 3] tick=260 mode=heavy work_us=9000 sleep_us=1000 cpu=1
2025/12/17 22:53:26 [worker 2] tick=260 mode=heavy work_us=9000 sleep_us=1000 cpu=1
2025/12/17 22:53:26 [worker 0] tick=260 mode=heavy work_us=9000 sleep_us=1000 cpu=0
2025/12/17 22:53:26 [worker 1] tick=270 mode=heavy work_us=9000 sleep_us=1000 cpu=1
2025/12/17 22:53:26 [worker 3] tick=270 mode=heavy work_us=9000 sleep_us=1000 cpu=1
2025/12/17 22:53:26 [worker 2] tick=270 mode=heavy work_us=9000 sleep_us=1000 cpu=1
2025/12/17 22:53:26 [worker 0] tick=270 mode=heavy work_us=9000 sleep_us=1000 cpu=0
2025/12/17 22:53:26 [worker 1] tick=280 mode=heavy work_us=9000 sleep_us=1000 cpu=1
2025/12/17 22:53:26 [worker 3] tick=280 mode=heavy work_us=9000 sleep_us=1000 cpu=1
2025/12/17 22:53:26 [worker 2] tick=280 mode=heavy work_us=9000 sleep_us=1000 cpu=1
2025/12/17 22:53:26 [worker 0] tick=280 mode=heavy work_us=9000 sleep_us=1000 cpu=0
2025/12/17 22:53:26 [worker 1] tick=290 mode=heavy work_us=9000 sleep_us=1000 cpu=1
2025/12/17 22:53:26 [worker 2] tick=290 mode=heavy work_us=9000 sleep_us=1000 cpu=1
2025/12/17 22:53:26 [worker 3] tick=290 mode=heavy work_us=9000 sleep_us=1000 cpu=1
2025/12/17 22:53:26 [worker 0] tick=290 mode=heavy work_us=9000 sleep_us=1000 cpu=0
2025/12/17 22:53:26 [worker 1] tick=300 mode=heavy work_us=9000 sleep_us=1000 cpu=1
2025/12/17 22:53:26 [worker 3] tick=300 mode=heavy work_us=9000 sleep_us=1000 cpu=1
2025/12/17 22:53:26 [worker 2] tick=300 mode=heavy work_us=9000 sleep_us=1000 cpu=1
2025/12/17 22:53:26 [worker 0] tick=300 mode=heavy work_us=9000 sleep_us=1000 cpu=0
2025/12/17 22:53:26 [worker 1] tick=310 mode=heavy work_us=9000 sleep_us=1000 cpu=1
2025/12/17 22:53:26 [worker 3] tick=310 mode=heavy work_us=9000 sleep_us=1000 cpu=1
2025/12/17 22:53:26 [worker 2] tick=310 mode=heavy work_us=9000 sleep_us=1000 cpu=1
2025/12/17 22:53:26 [worker 0] tick=310 mode=heavy work_us=9000 sleep_us=1000 cpu=0
2025/12/17 22:53:26 [worker 1] tick=320 mode=heavy work_us=9000 sleep_us=1000 cpu=1
2025/12/17 22:53:26 [worker 2] tick=320 mode=heavy work_us=9000 sleep_us=1000 cpu=1
2025/12/17 22:53:26 [worker 3] tick=320 mode=heavy work_us=9000 sleep_us=1000 cpu=1
2025/12/17 22:53:26 [worker 0] tick=320 mode=heavy work_us=9000 sleep_us=1000 cpu=0
2025/12/17 22:53:26 [worker 1] tick=330 mode=heavy work_us=9000 sleep_us=1000 cpu=1
2025/12/17 22:53:26 [worker 2] tick=330 mode=heavy work_us=9000 sleep_us=1000 cpu=1
2025/12/17 22:53:26 [worker 3] tick=330 mode=heavy work_us=9000 sleep_us=1000 cpu=1
2025/12/17 22:53:26 [worker 0] tick=330 mode=heavy work_us=9000 sleep_us=1000 cpu=0
2025/12/17 22:53:27 [worker 1] tick=340 mode=heavy work_us=9000 sleep_us=1000 cpu=1
2025/12/17 22:53:27 [worker 2] tick=340 mode=heavy work_us=9000 sleep_us=1000 cpu=1
2025/12/17 22:53:27 [worker 3] tick=340 mode=heavy work_us=9000 sleep_us=1000 cpu=1
2025/12/17 22:53:27 [worker 0] tick=340 mode=heavy work_us=9000 sleep_us=1000 cpu=0
2025/12/17 22:53:27 [worker 1] tick=350 mode=heavy work_us=9000 sleep_us=1000 cpu=1
2025/12/17 22:53:27 [worker 2] tick=350 mode=heavy work_us=9000 sleep_us=1000 cpu=1
2025/12/17 22:53:27 [worker 3] tick=350 mode=heavy work_us=9000 sleep_us=1000 cpu=1
2025/12/17 22:53:27 [worker 0] tick=350 mode=heavy work_us=9000 sleep_us=1000 cpu=0
2025/12/17 22:53:27 [worker 1] tick=360 mode=heavy work_us=9000 sleep_us=1000 cpu=1
2025/12/17 22:53:27 [worker 3] tick=360 mode=heavy work_us=9000 sleep_us=1000 cpu=1
2025/12/17 22:53:27 [worker 2] tick=360 mode=heavy work_us=9000 sleep_us=1000 cpu=1
2025/12/17 22:53:27 [worker 0] tick=360 mode=heavy work_us=9000 sleep_us=1000 cpu=0
2025/12/17 22:53:27 [worker 1] tick=370 mode=heavy work_us=9000 sleep_us=1000 cpu=1
2025/12/17 22:53:27 [worker 3] tick=370 mode=heavy work_us=9000 sleep_us=1000 cpu=1
2025/12/17 22:53:27 [worker 2] tick=370 mode=heavy work_us=9000 sleep_us=1000 cpu=1
2025/12/17 22:53:27 [worker 0] tick=370 mode=heavy work_us=9000 sleep_us=1000 cpu=0
2025/12/17 22:53:27 [worker 1] tick=380 mode=heavy work_us=9000 sleep_us=1000 cpu=1
2025/12/17 22:53:27 [worker 3] tick=380 mode=heavy work_us=9000 sleep_us=1000 cpu=1
2025/12/17 22:53:27 [worker 2] tick=380 mode=heavy work_us=9000 sleep_us=1000 cpu=1
2025/12/17 22:53:27 [worker 0] tick=380 mode=heavy work_us=9000 sleep_us=1000 cpu=0
2025/12/17 22:53:27 [worker 1] tick=390 mode=heavy work_us=9000 sleep_us=1000 cpu=1
2025/12/17 22:53:27 [worker 2] tick=390 mode=heavy work_us=9000 sleep_us=1000 cpu=1
2025/12/17 22:53:27 [worker 3] tick=390 mode=heavy work_us=9000 sleep_us=1000 cpu=1
2025/12/17 22:53:27 [worker 0] tick=390 mode=heavy work_us=9000 sleep_us=1000 cpu=0
2025/12/17 22:53:27 [worker 1] tick=400 mode=heavy work_us=9000 sleep_us=1000 cpu=1
2025/12/17 22:53:27 [worker 2] tick=400 mode=heavy work_us=9000 sleep_us=1000 cpu=1
2025/12/17 22:53:27 [worker 3] tick=400 mode=heavy work_us=9000 sleep_us=1000 cpu=1
2025/12/17 22:53:27 [worker 0] tick=400 mode=heavy work_us=9000 sleep_us=1000 cpu=0
2025/12/17 22:53:27 [worker 1] tick=410 mode=heavy work_us=9000 sleep_us=1000 cpu=1
2025/12/17 22:53:27 [worker 2] tick=410 mode=heavy work_us=9000 sleep_us=1000 cpu=1
2025/12/17 22:53:27 [worker 3] tick=410 mode=heavy work_us=9000 sleep_us=1000 cpu=1
2025/12/17 22:53:27 [worker 0] tick=410 mode=heavy work_us=9000 sleep_us=1000 cpu=0
2025/12/17 22:53:27 [worker 1] tick=420 mode=heavy work_us=9000 sleep_us=1000 cpu=1
2025/12/17 22:53:28 [worker 2] tick=420 mode=heavy work_us=9000 sleep_us=1000 cpu=1
2025/12/17 22:53:28 [worker 3] tick=420 mode=heavy work_us=9000 sleep_us=1000 cpu=1
2025/12/17 22:53:28 [worker 0] tick=420 mode=heavy work_us=9000 sleep_us=1000 cpu=0
2025/12/17 22:53:28 [worker 1] tick=430 mode=heavy work_us=9000 sleep_us=1000 cpu=1
2025/12/17 22:53:28 [worker 2] tick=430 mode=heavy work_us=9000 sleep_us=1000 cpu=1
2025/12/17 22:53:28 [worker 3] tick=430 mode=heavy work_us=9000 sleep_us=1000 cpu=1
2025/12/17 22:53:28 [worker 0] tick=430 mode=heavy work_us=9000 sleep_us=1000 cpu=0
2025/12/17 22:53:28 [worker 1] tick=440 mode=heavy work_us=9000 sleep_us=1000 cpu=1
2025/12/17 22:53:28 [worker 3] tick=440 mode=heavy work_us=9000 sleep_us=1000 cpu=1
2025/12/17 22:53:28 [worker 2] tick=440 mode=heavy work_us=9000 sleep_us=1000 cpu=1
2025/12/17 22:53:28 [worker 0] tick=440 mode=heavy work_us=9000 sleep_us=1000 cpu=0
2025/12/17 22:53:28 [worker 1] tick=450 mode=heavy work_us=9000 sleep_us=1000 cpu=1
2025/12/17 22:53:28 [worker 2] tick=450 mode=heavy work_us=9000 sleep_us=1000 cpu=1
2025/12/17 22:53:28 [worker 3] tick=450 mode=heavy work_us=9000 sleep_us=1000 cpu=1
2025/12/17 22:53:28 [worker 0] tick=450 mode=heavy work_us=9000 sleep_us=1000 cpu=0
2025/12/17 22:53:28 [worker 1] tick=460 mode=heavy work_us=9000 sleep_us=1000 cpu=1
2025/12/17 22:53:28 [worker 2] tick=460 mode=heavy work_us=9000 sleep_us=1000 cpu=1
2025/12/17 22:53:28 [worker 3] tick=460 mode=heavy work_us=9000 sleep_us=1000 cpu=1
2025/12/17 22:53:28 [worker 0] tick=460 mode=heavy work_us=9000 sleep_us=1000 cpu=0
2025/12/17 22:53:28 [worker 1] tick=470 mode=heavy work_us=9000 sleep_us=1000 cpu=1
2025/12/17 22:53:28 [worker 2] tick=470 mode=heavy work_us=9000 sleep_us=1000 cpu=1
2025/12/17 22:53:28 [worker 3] tick=470 mode=heavy work_us=9000 sleep_us=1000 cpu=1
2025/12/17 22:53:28 [worker 0] tick=470 mode=heavy work_us=9000 sleep_us=1000 cpu=0
2025/12/17 22:53:28 [worker 1] tick=480 mode=heavy work_us=9000 sleep_us=1000 cpu=1
2025/12/17 22:53:28 [worker 2] tick=480 mode=heavy work_us=9000 sleep_us=1000 cpu=1
2025/12/17 22:53:28 [worker 3] tick=480 mode=heavy work_us=9000 sleep_us=1000 cpu=1
2025/12/17 22:53:28 [worker 0] tick=480 mode=heavy work_us=9000 sleep_us=1000 cpu=0
2025/12/17 22:53:28 [worker 1] tick=490 mode=heavy work_us=9000 sleep_us=1000 cpu=1
2025/12/17 22:53:28 [worker 2] tick=490 mode=heavy work_us=9000 sleep_us=1000 cpu=1
2025/12/17 22:53:28 [worker 0] tick=490 mode=heavy work_us=9000 sleep_us=1000 cpu=0
2025/12/17 22:53:28 [worker 3] tick=490 mode=heavy work_us=9000 sleep_us=1000 cpu=1
2025/12/17 22:53:28 [worker 1] tick=500 mode=heavy work_us=9000 sleep_us=1000 cpu=1
2025/12/17 22:53:28 [worker 2] tick=500 mode=heavy work_us=9000 sleep_us=1000 cpu=1
2025/12/17 22:53:28 [worker 0] tick=500 mode=heavy work_us=9000 sleep_us=1000 cpu=0
2025/12/17 22:53:29 [worker 3] tick=500 mode=heavy work_us=9000 sleep_us=1000 cpu=1
2025/12/17 22:53:29 [worker 1] tick=510 mode=heavy work_us=9000 sleep_us=1000 cpu=1
2025/12/17 22:53:29 [worker 2] tick=510 mode=heavy work_us=9000 sleep_us=1000 cpu=1
2025/12/17 22:53:29 [worker 3] tick=510 mode=heavy work_us=9000 sleep_us=1000 cpu=1
2025/12/17 22:53:29 [worker 0] tick=510 mode=heavy work_us=9000 sleep_us=1000 cpu=0
2025/12/17 22:53:29 [worker 1] tick=520 mode=heavy work_us=9000 sleep_us=1000 cpu=1
2025/12/17 22:53:29 [worker 2] tick=520 mode=heavy work_us=9000 sleep_us=1000 cpu=1
2025/12/17 22:53:29 [worker 0] tick=520 mode=heavy work_us=9000 sleep_us=1000 cpu=0
2025/12/17 22:53:29 [worker 3] tick=520 mode=heavy work_us=9000 sleep_us=1000 cpu=1
2025/12/17 22:53:29 [worker 1] tick=530 mode=heavy work_us=9000 sleep_us=1000 cpu=1
2025/12/17 22:53:29 [worker 0] tick=530 mode=heavy work_us=9000 sleep_us=1000 cpu=0
2025/12/17 22:53:29 [worker 2] tick=530 mode=heavy work_us=9000 sleep_us=1000 cpu=1
2025/12/17 22:53:29 [worker 3] tick=530 mode=heavy work_us=9000 sleep_us=1000 cpu=1
2025/12/17 22:53:29 [worker 1] tick=540 mode=heavy work_us=9000 sleep_us=1000 cpu=1
2025/12/17 22:53:29 [worker 0] tick=540 mode=heavy work_us=9000 sleep_us=1000 cpu=0
2025/12/17 22:53:29 [worker 2] tick=540 mode=heavy work_us=9000 sleep_us=1000 cpu=1
2025/12/17 22:53:29 [worker 3] tick=540 mode=heavy work_us=9000 sleep_us=1000 cpu=1
2025/12/17 22:53:29 [worker 1] tick=550 mode=heavy work_us=9000 sleep_us=1000 cpu=1
2025/12/17 22:53:29 [worker 0] tick=550 mode=heavy work_us=9000 sleep_us=1000 cpu=0
2025/12/17 22:53:29 [worker 2] tick=550 mode=heavy work_us=9000 sleep_us=1000 cpu=1
2025/12/17 22:53:29 [worker 3] tick=550 mode=heavy work_us=9000 sleep_us=1000 cpu=1
2025/12/17 22:53:29 [worker 1] tick=560 mode=heavy work_us=9000 sleep_us=1000 cpu=1
2025/12/17 22:53:29 [worker 0] tick=560 mode=heavy work_us=9000 sleep_us=1000 cpu=0
2025/12/17 22:53:29 [worker 2] tick=560 mode=heavy work_us=9000 sleep_us=1000 cpu=1
2025/12/17 22:53:29 [worker 3] tick=560 mode=heavy work_us=9000 sleep_us=1000 cpu=1
2025/12/17 22:53:29 [worker 1] tick=570 mode=heavy work_us=9000 sleep_us=1000 cpu=1
2025/12/17 22:53:29 [worker 0] tick=570 mode=heavy work_us=9000 sleep_us=1000 cpu=0
2025/12/17 22:53:29 [worker 2] tick=570 mode=heavy work_us=9000 sleep_us=1000 cpu=1
2025/12/17 22:53:29 [worker 3] tick=570 mode=heavy work_us=9000 sleep_us=1000 cpu=1
2025/12/17 22:53:29 [worker 1] tick=580 mode=heavy work_us=9000 sleep_us=1000 cpu=1
2025/12/17 22:53:29 [worker 0] tick=580 mode=heavy work_us=9000 sleep_us=1000 cpu=0
2025/12/17 22:53:29 [worker 2] tick=580 mode=heavy work_us=9000 sleep_us=1000 cpu=1
2025/12/17 22:53:30 [worker 3] tick=580 mode=heavy work_us=9000 sleep_us=1000 cpu=1
2025/12/17 22:53:30 [worker 1] tick=590 mode=heavy work_us=9000 sleep_us=1000 cpu=1
2025/12/17 22:53:30 [worker 0] tick=590 mode=heavy work_us=9000 sleep_us=1000 cpu=0
2025/12/17 22:53:30 [worker 2] tick=590 mode=heavy work_us=9000 sleep_us=1000 cpu=1
2025/12/17 22:53:30 [worker 3] tick=590 mode=heavy work_us=9000 sleep_us=1000 cpu=1
2025/12/17 22:53:30 [worker 1] tick=600 mode=heavy work_us=9000 sleep_us=1000 cpu=1
2025/12/17 22:53:30 [worker 0] tick=600 mode=heavy work_us=9000 sleep_us=1000 cpu=0
2025/12/17 22:53:30 [worker 2] tick=600 mode=heavy work_us=9000 sleep_us=1000 cpu=1
2025/12/17 22:53:30 [worker 3] tick=600 mode=heavy work_us=9000 sleep_us=1000 cpu=1
2025/12/17 22:53:30 [worker 1] tick=610 mode=heavy work_us=9000 sleep_us=1000 cpu=1
2025/12/17 22:53:30 [worker 0] tick=610 mode=heavy work_us=9000 sleep_us=1000 cpu=0
2025/12/17 22:53:30 [worker 2] tick=610 mode=heavy work_us=9000 sleep_us=1000 cpu=1
2025/12/17 22:53:30 [worker 3] tick=610 mode=heavy work_us=9000 sleep_us=1000 cpu=1
2025/12/17 22:53:30 [worker 1] tick=620 mode=heavy work_us=9000 sleep_us=1000 cpu=1
2025/12/17 22:53:30 [worker 0] tick=620 mode=heavy work_us=9000 sleep_us=1000 cpu=0
2025/12/17 22:53:30 [worker 2] tick=620 mode=heavy work_us=9000 sleep_us=1000 cpu=1
2025/12/17 22:53:30 [worker 3] tick=620 mode=heavy work_us=9000 sleep_us=1000 cpu=1
2025/12/17 22:53:30 [worker 1] tick=630 mode=heavy work_us=9000 sleep_us=1000 cpu=1
2025/12/17 22:53:30 [worker 0] tick=630 mode=heavy work_us=9000 sleep_us=1000 cpu=0
2025/12/17 22:53:30 [worker 2] tick=630 mode=heavy work_us=9000 sleep_us=1000 cpu=1
2025/12/17 22:53:30 [worker 3] tick=630 mode=heavy work_us=9000 sleep_us=1000 cpu=1
2025/12/17 22:53:30 [worker 1] tick=640 mode=heavy work_us=9000 sleep_us=1000 cpu=1
2025/12/17 22:53:30 [worker 0] tick=640 mode=heavy work_us=9000 sleep_us=1000 cpu=0
2025/12/17 22:53:30 [worker 2] tick=640 mode=heavy work_us=9000 sleep_us=1000 cpu=1
2025/12/17 22:53:30 [worker 3] tick=640 mode=heavy work_us=9000 sleep_us=1000 cpu=1
2025/12/17 22:53:30 [worker 1] tick=650 mode=heavy work_us=9000 sleep_us=1000 cpu=1
2025/12/17 22:53:30 [worker 0] tick=650 mode=heavy work_us=9000 sleep_us=1000 cpu=0
2025/12/17 22:53:30 [worker 2] tick=650 mode=heavy work_us=9000 sleep_us=1000 cpu=1
2025/12/17 22:53:30 [worker 3] tick=650 mode=heavy work_us=9000 sleep_us=1000 cpu=1
2025/12/17 22:53:30 [worker 1] tick=660 mode=heavy work_us=9000 sleep_us=1000 cpu=1
2025/12/17 22:53:30 [worker 0] tick=660 mode=heavy work_us=9000 sleep_us=1000 cpu=0
2025/12/17 22:53:30 [worker 2] tick=660 mode=heavy work_us=9000 sleep_us=1000 cpu=1
2025/12/17 22:53:30 [worker 3] tick=660 mode=heavy work_us=9000 sleep_us=1000 cpu=1
2025/12/17 22:53:31 [worker 1] tick=670 mode=heavy work_us=9000 sleep_us=1000 cpu=1
2025/12/17 22:53:31 [worker 0] tick=670 mode=heavy work_us=9000 sleep_us=1000 cpu=0
2025/12/17 22:53:31 [worker 2] tick=670 mode=heavy work_us=9000 sleep_us=1000 cpu=1
2025/12/17 22:53:31 [worker 3] tick=670 mode=heavy work_us=9000 sleep_us=1000 cpu=1
2025/12/17 22:53:31 [worker 1] tick=680 mode=heavy work_us=9000 sleep_us=1000 cpu=1
2025/12/17 22:53:31 [worker 0] tick=680 mode=heavy work_us=9000 sleep_us=1000 cpu=0
2025/12/17 22:53:31 [worker 2] tick=680 mode=heavy work_us=9000 sleep_us=1000 cpu=1
2025/12/17 22:53:31 [worker 3] tick=680 mode=heavy work_us=9000 sleep_us=1000 cpu=1
2025/12/17 22:53:31 [worker 1] tick=690 mode=heavy work_us=9000 sleep_us=1000 cpu=1
2025/12/17 22:53:31 [worker 2] tick=690 mode=heavy work_us=9000 sleep_us=1000 cpu=1
2025/12/17 22:53:31 [worker 0] tick=690 mode=heavy work_us=9000 sleep_us=1000 cpu=0
2025/12/17 22:53:31 [worker 3] tick=690 mode=heavy work_us=9000 sleep_us=1000 cpu=1
2025/12/17 22:53:31 [worker 1] tick=700 mode=heavy work_us=9000 sleep_us=1000 cpu=1
2025/12/17 22:53:31 [worker 2] tick=700 mode=heavy work_us=9000 sleep_us=1000 cpu=1
2025/12/17 22:53:31 [worker 0] tick=700 mode=heavy work_us=9000 sleep_us=1000 cpu=0
2025/12/17 22:53:31 [worker 3] tick=700 mode=heavy work_us=9000 sleep_us=1000 cpu=1
2025/12/17 22:53:31 [worker 1] tick=710 mode=heavy work_us=9000 sleep_us=1000 cpu=1
2025/12/17 22:53:31 [worker 2] tick=710 mode=heavy work_us=9000 sleep_us=1000 cpu=1
2025/12/17 22:53:31 [worker 0] tick=710 mode=heavy work_us=9000 sleep_us=1000 cpu=0
2025/12/17 22:53:31 [worker 3] tick=710 mode=heavy work_us=9000 sleep_us=1000 cpu=1
2025/12/17 22:53:31 [worker 1] tick=720 mode=heavy work_us=9000 sleep_us=1000 cpu=1
2025/12/17 22:53:31 [worker 2] tick=720 mode=heavy work_us=9000 sleep_us=1000 cpu=1
2025/12/17 22:53:31 [worker 0] tick=720 mode=heavy work_us=9000 sleep_us=1000 cpu=0
2025/12/17 22:53:31 [worker 3] tick=720 mode=heavy work_us=9000 sleep_us=1000 cpu=1
2025/12/17 22:53:31 [worker 1] tick=730 mode=heavy work_us=9000 sleep_us=1000 cpu=1
2025/12/17 22:53:31 [worker 2] tick=730 mode=heavy work_us=9000 sleep_us=1000 cpu=1
2025/12/17 22:53:31 [worker 0] tick=730 mode=heavy work_us=9000 sleep_us=1000 cpu=0
2025/12/17 22:53:31 [worker 3] tick=730 mode=heavy work_us=9000 sleep_us=1000 cpu=1
2025/12/17 22:53:31 [worker 1] tick=740 mode=heavy work_us=9000 sleep_us=1000 cpu=1
2025/12/17 22:53:31 [worker 2] tick=740 mode=heavy work_us=9000 sleep_us=1000 cpu=1
2025/12/17 22:53:31 [worker 0] tick=740 mode=heavy work_us=9000 sleep_us=1000 cpu=0
2025/12/17 22:53:31 [worker 3] tick=740 mode=heavy work_us=9000 sleep_us=1000 cpu=1
2025/12/17 22:53:31 [worker 1] tick=750 mode=heavy work_us=9000 sleep_us=1000 cpu=1
2025/12/17 22:53:32 [worker 0] tick=750 mode=heavy work_us=9000 sleep_us=1000 cpu=0
2025/12/17 22:53:32 [worker 2] tick=750 mode=heavy work_us=9000 sleep_us=1000 cpu=1
2025/12/17 22:53:32 [worker 3] tick=750 mode=heavy work_us=9000 sleep_us=1000 cpu=1
2025/12/17 22:53:32 [worker 1] tick=760 mode=heavy work_us=9000 sleep_us=1000 cpu=1
2025/12/17 22:53:32 [worker 0] tick=760 mode=heavy work_us=9000 sleep_us=1000 cpu=0
2025/12/17 22:53:32 [worker 2] tick=760 mode=heavy work_us=9000 sleep_us=1000 cpu=1
2025/12/17 22:53:32 [worker 3] tick=760 mode=heavy work_us=9000 sleep_us=1000 cpu=1
2025/12/17 22:53:32 [worker 1] tick=770 mode=heavy work_us=9000 sleep_us=1000 cpu=1
2025/12/17 22:53:32 [worker 0] tick=770 mode=heavy work_us=9000 sleep_us=1000 cpu=0
2025/12/17 22:53:32 [worker 2] tick=770 mode=heavy work_us=9000 sleep_us=1000 cpu=1
2025/12/17 22:53:32 [worker 3] tick=770 mode=heavy work_us=9000 sleep_us=1000 cpu=1
2025/12/17 22:53:32 [worker 1] tick=780 mode=heavy work_us=9000 sleep_us=1000 cpu=1
2025/12/17 22:53:32 [worker 0] tick=780 mode=heavy work_us=9000 sleep_us=1000 cpu=0
2025/12/17 22:53:32 [worker 2] tick=780 mode=heavy work_us=9000 sleep_us=1000 cpu=1
2025/12/17 22:53:32 [worker 3] tick=780 mode=heavy work_us=9000 sleep_us=1000 cpu=1
2025/12/17 22:53:32 [worker 1] tick=790 mode=heavy work_us=9000 sleep_us=1000 cpu=1
2025/12/17 22:53:32 [worker 0] tick=790 mode=heavy work_us=9000 sleep_us=1000 cpu=0
2025/12/17 22:53:32 [worker 2] tick=790 mode=heavy work_us=9000 sleep_us=1000 cpu=1
2025/12/17 22:53:32 [worker 3] tick=790 mode=heavy work_us=9000 sleep_us=1000 cpu=1
2025/12/17 22:53:32 [worker 1] tick=800 mode=heavy work_us=9000 sleep_us=1000 cpu=1
2025/12/17 22:53:32 [worker 0] tick=800 mode=heavy work_us=9000 sleep_us=1000 cpu=0
2025/12/17 22:53:32 [worker 2] tick=800 mode=heavy work_us=9000 sleep_us=1000 cpu=1
2025/12/17 22:53:32 [worker 3] tick=800 mode=heavy work_us=9000 sleep_us=1000 cpu=1
2025/12/17 22:53:32 [worker 1] tick=810 mode=heavy work_us=9000 sleep_us=1000 cpu=1
2025/12/17 22:53:32 [worker 2] tick=810 mode=heavy work_us=9000 sleep_us=1000 cpu=1
2025/12/17 22:53:32 [worker 0] tick=810 mode=heavy work_us=9000 sleep_us=1000 cpu=0
2025/12/17 22:53:32 [worker 3] tick=810 mode=heavy work_us=9000 sleep_us=1000 cpu=1
2025/12/17 22:53:32 [worker 1] tick=820 mode=heavy work_us=9000 sleep_us=1000 cpu=1
2025/12/17 22:53:32 [worker 2] tick=820 mode=heavy work_us=9000 sleep_us=1000 cpu=1
2025/12/17 22:53:32 [worker 0] tick=820 mode=heavy work_us=9000 sleep_us=1000 cpu=0
2025/12/17 22:53:32 [worker 3] tick=820 mode=heavy work_us=9000 sleep_us=1000 cpu=1
2025/12/17 22:53:32 [worker 1] tick=830 mode=heavy work_us=9000 sleep_us=1000 cpu=1
2025/12/17 22:53:32 [worker 0] tick=830 mode=heavy work_us=9000 sleep_us=1000 cpu=0
2025/12/17 22:53:32 [worker 2] tick=830 mode=heavy work_us=9000 sleep_us=1000 cpu=1
2025/12/17 22:53:33 [worker 3] tick=830 mode=heavy work_us=9000 sleep_us=1000 cpu=1
2025/12/17 22:53:33 [worker 1] tick=840 mode=heavy work_us=9000 sleep_us=1000 cpu=1
2025/12/17 22:53:33 [worker 0] tick=840 mode=heavy work_us=9000 sleep_us=1000 cpu=0
2025/12/17 22:53:33 [worker 2] tick=840 mode=heavy work_us=9000 sleep_us=1000 cpu=1
2025/12/17 22:53:33 [worker 3] tick=840 mode=heavy work_us=9000 sleep_us=1000 cpu=1
2025/12/17 22:53:33 [worker 0] tick=850 mode=heavy work_us=9000 sleep_us=1000 cpu=0
2025/12/17 22:53:33 [worker 1] tick=850 mode=heavy work_us=9000 sleep_us=1000 cpu=1
2025/12/17 22:53:33 [worker 2] tick=850 mode=heavy work_us=9000 sleep_us=1000 cpu=1
2025/12/17 22:53:33 [worker 3] tick=850 mode=heavy work_us=9000 sleep_us=1000 cpu=1
2025/12/17 22:53:33 [worker 0] tick=860 mode=heavy work_us=9000 sleep_us=1000 cpu=0
2025/12/17 22:53:33 [worker 1] tick=860 mode=heavy work_us=9000 sleep_us=1000 cpu=1
2025/12/17 22:53:33 [worker 2] tick=860 mode=heavy work_us=9000 sleep_us=1000 cpu=1
2025/12/17 22:53:33 [worker 3] tick=860 mode=heavy work_us=9000 sleep_us=1000 cpu=1
2025/12/17 22:53:33 [worker 0] tick=870 mode=heavy work_us=9000 sleep_us=1000 cpu=0
2025/12/17 22:53:33 [worker 1] tick=870 mode=heavy work_us=9000 sleep_us=1000 cpu=1
2025/12/17 22:53:33 [worker 2] tick=870 mode=heavy work_us=9000 sleep_us=1000 cpu=1
2025/12/17 22:53:33 [worker 3] tick=870 mode=heavy work_us=9000 sleep_us=1000 cpu=1
2025/12/17 22:53:33 [worker 0] tick=880 mode=heavy work_us=9000 sleep_us=1000 cpu=0
2025/12/17 22:53:33 [worker 1] tick=880 mode=heavy work_us=9000 sleep_us=1000 cpu=1
2025/12/17 22:53:33 [worker 2] tick=880 mode=heavy work_us=9000 sleep_us=1000 cpu=1
2025/12/17 22:53:33 [worker 3] tick=880 mode=heavy work_us=9000 sleep_us=1000 cpu=1
2025/12/17 22:53:33 [worker 0] tick=890 mode=heavy work_us=9000 sleep_us=1000 cpu=0
2025/12/17 22:53:33 [worker 1] tick=890 mode=heavy work_us=9000 sleep_us=1000 cpu=1
2025/12/17 22:53:33 [worker 2] tick=890 mode=heavy work_us=9000 sleep_us=1000 cpu=1
2025/12/17 22:53:33 [worker 3] tick=890 mode=heavy work_us=9000 sleep_us=1000 cpu=1
2025/12/17 22:53:33 [worker 0] tick=900 mode=heavy work_us=9000 sleep_us=1000 cpu=0
2025/12/17 22:53:33 [worker 1] tick=900 mode=heavy work_us=9000 sleep_us=1000 cpu=1
2025/12/17 22:53:33 [worker 2] tick=900 mode=heavy work_us=9000 sleep_us=1000 cpu=1
2025/12/17 22:53:33 [worker 3] tick=900 mode=heavy work_us=9000 sleep_us=1000 cpu=1
2025/12/17 22:53:33 [worker 0] tick=910 mode=heavy work_us=9000 sleep_us=1000 cpu=0
2025/12/17 22:53:33 [worker 2] tick=910 mode=heavy work_us=9000 sleep_us=1000 cpu=1
2025/12/17 22:53:33 [worker 1] tick=910 mode=heavy work_us=9000 sleep_us=1000 cpu=1
2025/12/17 22:53:33 [worker 3] tick=910 mode=heavy work_us=9000 sleep_us=1000 cpu=1
2025/12/17 22:53:34 [worker 2] tick=920 mode=heavy work_us=9000 sleep_us=1000 cpu=1
2025/12/17 22:53:34 [worker 0] tick=920 mode=heavy work_us=9000 sleep_us=1000 cpu=0
2025/12/17 22:53:34 [worker 1] tick=920 mode=heavy work_us=9000 sleep_us=1000 cpu=1
2025/12/17 22:53:34 [worker 3] tick=920 mode=heavy work_us=9000 sleep_us=1000 cpu=1
2025/12/17 22:53:34 [worker 0] tick=930 mode=heavy work_us=9000 sleep_us=1000 cpu=0
2025/12/17 22:53:34 [worker 1] tick=930 mode=heavy work_us=9000 sleep_us=1000 cpu=1
2025/12/17 22:53:34 [worker 2] tick=930 mode=heavy work_us=9000 sleep_us=1000 cpu=1
2025/12/17 22:53:34 [worker 3] tick=930 mode=heavy work_us=9000 sleep_us=1000 cpu=1
2025/12/17 22:53:34 [worker 0] tick=940 mode=heavy work_us=9000 sleep_us=1000 cpu=0
2025/12/17 22:53:34 [worker 2] tick=940 mode=heavy work_us=9000 sleep_us=1000 cpu=1
2025/12/17 22:53:34 [worker 1] tick=940 mode=heavy work_us=9000 sleep_us=1000 cpu=1
2025/12/17 22:53:34 [worker 3] tick=940 mode=heavy work_us=9000 sleep_us=1000 cpu=1
2025/12/17 22:53:34 [worker 0] tick=950 mode=heavy work_us=9000 sleep_us=1000 cpu=0
2025/12/17 22:53:34 [worker 2] tick=950 mode=heavy work_us=9000 sleep_us=1000 cpu=1
2025/12/17 22:53:34 [worker 3] tick=950 mode=heavy work_us=9000 sleep_us=1000 cpu=1
2025/12/17 22:53:34 [worker 1] tick=950 mode=heavy work_us=9000 sleep_us=1000 cpu=1
2025/12/17 22:53:34 [worker 0] tick=960 mode=heavy work_us=9000 sleep_us=1000 cpu=0
2025/12/17 22:53:34 [worker 2] tick=960 mode=heavy work_us=9000 sleep_us=1000 cpu=1
2025/12/17 22:53:34 [worker 1] tick=960 mode=heavy work_us=9000 sleep_us=1000 cpu=1
2025/12/17 22:53:34 [worker 3] tick=960 mode=heavy work_us=9000 sleep_us=1000 cpu=1
2025/12/17 22:53:34 [worker 2] tick=970 mode=heavy work_us=9000 sleep_us=1000 cpu=1
2025/12/17 22:53:34 [worker 0] tick=970 mode=heavy work_us=9000 sleep_us=1000 cpu=0
2025/12/17 22:53:34 [worker 3] tick=970 mode=heavy work_us=9000 sleep_us=1000 cpu=1
2025/12/17 22:53:34 [worker 1] tick=970 mode=heavy work_us=9000 sleep_us=1000 cpu=1
2025/12/17 22:53:34 [worker 2] tick=980 mode=heavy work_us=9000 sleep_us=1000 cpu=1
2025/12/17 22:53:34 [worker 3] tick=980 mode=heavy work_us=9000 sleep_us=1000 cpu=1
2025/12/17 22:53:34 [worker 0] tick=980 mode=heavy work_us=9000 sleep_us=1000 cpu=0
2025/12/17 22:53:34 [worker 1] tick=980 mode=heavy work_us=9000 sleep_us=1000 cpu=1
2025/12/17 22:53:34 [worker 2] tick=990 mode=heavy work_us=9000 sleep_us=1000 cpu=1
2025/12/17 22:53:34 [worker 3] tick=990 mode=heavy work_us=9000 sleep_us=1000 cpu=1
2025/12/17 22:53:34 [worker 0] tick=990 mode=heavy work_us=9000 sleep_us=1000 cpu=0
2025/12/17 22:53:34 [worker 1] tick=990 mode=heavy work_us=9000 sleep_us=1000 cpu=1
2025/12/17 22:53:35 [worker 2] tick=1000 mode=heavy work_us=9000 sleep_us=1000 cpu=1
2025/12/17 22:53:35 [worker 3] tick=1000 mode=heavy work_us=9000 sleep_us=1000 cpu=1
2025/12/17 22:53:35 [worker 0] tick=1000 mode=heavy work_us=9000 sleep_us=1000 cpu=0
2025/12/17 22:53:35 [worker 1] tick=1000 mode=heavy work_us=9000 sleep_us=1000 cpu=1
2025/12/17 22:53:35 [worker 0] tick=1010 mode=heavy work_us=9000 sleep_us=1000 cpu=0
2025/12/17 22:53:35 [worker 2] tick=1010 mode=heavy work_us=9000 sleep_us=1000 cpu=1
2025/12/17 22:53:35 [worker 3] tick=1010 mode=heavy work_us=9000 sleep_us=1000 cpu=1
2025/12/17 22:53:35 [worker 1] tick=1010 mode=heavy work_us=9000 sleep_us=1000 cpu=1
2025/12/17 22:53:35 [worker 0] tick=1020 mode=heavy work_us=9000 sleep_us=1000 cpu=0
2025/12/17 22:53:35 [worker 2] tick=1020 mode=heavy work_us=9000 sleep_us=1000 cpu=1
2025/12/17 22:53:35 [worker 3] tick=1020 mode=heavy work_us=9000 sleep_us=1000 cpu=1
2025/12/17 22:53:35 [worker 1] tick=1020 mode=heavy work_us=9000 sleep_us=1000 cpu=1
2025/12/17 22:53:35 [worker 0] tick=1030 mode=heavy work_us=9000 sleep_us=1000 cpu=0
2025/12/17 22:53:35 [worker 3] tick=1030 mode=heavy work_us=9000 sleep_us=1000 cpu=1
2025/12/17 22:53:35 [worker 2] tick=1030 mode=heavy work_us=9000 sleep_us=1000 cpu=1
2025/12/17 22:53:35 [worker 1] tick=1030 mode=heavy work_us=9000 sleep_us=1000 cpu=1
2025/12/17 22:53:35 [worker 0] tick=1040 mode=heavy work_us=9000 sleep_us=1000 cpu=0
2025/12/17 22:53:35 [worker 3] tick=1040 mode=heavy work_us=9000 sleep_us=1000 cpu=1
2025/12/17 22:53:35 [worker 2] tick=1040 mode=heavy work_us=9000 sleep_us=1000 cpu=1
2025/12/17 22:53:35 [worker 1] tick=1040 mode=heavy work_us=9000 sleep_us=1000 cpu=1
2025/12/17 22:53:35 [worker 0] tick=1050 mode=heavy work_us=9000 sleep_us=1000 cpu=0
2025/12/17 22:53:35 [worker 2] tick=1050 mode=heavy work_us=9000 sleep_us=1000 cpu=1
2025/12/17 22:53:35 [worker 3] tick=1050 mode=heavy work_us=9000 sleep_us=1000 cpu=1
2025/12/17 22:53:35 [worker 1] tick=1050 mode=heavy work_us=9000 sleep_us=1000 cpu=1
2025/12/17 22:53:35 [worker 0] tick=1060 mode=heavy work_us=9000 sleep_us=1000 cpu=0
2025/12/17 22:53:35 [worker 2] tick=1060 mode=heavy work_us=9000 sleep_us=1000 cpu=1
2025/12/17 22:53:35 [worker 3] tick=1060 mode=heavy work_us=9000 sleep_us=1000 cpu=1
2025/12/17 22:53:35 [worker 1] tick=1060 mode=heavy work_us=9000 sleep_us=1000 cpu=1
2025/12/17 22:53:35 [worker 2] tick=1070 mode=heavy work_us=9000 sleep_us=1000 cpu=1
2025/12/17 22:53:35 [worker 0] tick=1070 mode=heavy work_us=9000 sleep_us=1000 cpu=0
2025/12/17 22:53:35 [worker 3] tick=1070 mode=heavy work_us=9000 sleep_us=1000 cpu=1
2025/12/17 22:53:35 [worker 1] tick=1070 mode=heavy work_us=9000 sleep_us=1000 cpu=1
2025/12/17 22:53:36 [worker 2] tick=1080 mode=heavy work_us=9000 sleep_us=1000 cpu=1
2025/12/17 22:53:36 [worker 0] tick=1080 mode=heavy work_us=9000 sleep_us=1000 cpu=0
2025/12/17 22:53:36 [worker 1] tick=1080 mode=heavy work_us=9000 sleep_us=1000 cpu=1
2025/12/17 22:53:36 [worker 3] tick=1080 mode=heavy work_us=9000 sleep_us=1000 cpu=1
2025/12/17 22:53:36 [worker 0] tick=1090 mode=heavy work_us=9000 sleep_us=1000 cpu=0
2025/12/17 22:53:36 [worker 2] tick=1090 mode=heavy work_us=9000 sleep_us=1000 cpu=1
2025/12/17 22:53:36 [worker 1] tick=1090 mode=heavy work_us=9000 sleep_us=1000 cpu=1
2025/12/17 22:53:36 [worker 3] tick=1090 mode=heavy work_us=9000 sleep_us=1000 cpu=1
2025/12/17 22:53:36 [worker 0] tick=1100 mode=heavy work_us=9000 sleep_us=1000 cpu=0
2025/12/17 22:53:36 [worker 2] tick=1100 mode=heavy work_us=9000 sleep_us=1000 cpu=1
2025/12/17 22:53:36 [worker 3] tick=1100 mode=heavy work_us=9000 sleep_us=1000 cpu=1
2025/12/17 22:53:36 [worker 1] tick=1100 mode=heavy work_us=9000 sleep_us=1000 cpu=1
2025/12/17 22:53:36 [worker 0] tick=1110 mode=heavy work_us=9000 sleep_us=1000 cpu=0
2025/12/17 22:53:36 [worker 2] tick=1110 mode=heavy work_us=9000 sleep_us=1000 cpu=1
2025/12/17 22:53:36 [worker 1] tick=1110 mode=heavy work_us=9000 sleep_us=1000 cpu=1
2025/12/17 22:53:36 [worker 3] tick=1110 mode=heavy work_us=9000 sleep_us=1000 cpu=1
2025/12/17 22:53:36 [worker 0] tick=1120 mode=heavy work_us=9000 sleep_us=1000 cpu=0
2025/12/17 22:53:36 [worker 2] tick=1120 mode=heavy work_us=9000 sleep_us=1000 cpu=1
2025/12/17 22:53:36 [worker 1] tick=1120 mode=heavy work_us=9000 sleep_us=1000 cpu=1
2025/12/17 22:53:36 [worker 3] tick=1120 mode=heavy work_us=9000 sleep_us=1000 cpu=1
2025/12/17 22:53:36 [worker 2] tick=1130 mode=heavy work_us=9000 sleep_us=1000 cpu=1
2025/12/17 22:53:36 [worker 0] tick=1130 mode=heavy work_us=9000 sleep_us=1000 cpu=0
2025/12/17 22:53:36 [worker 1] tick=1130 mode=heavy work_us=9000 sleep_us=1000 cpu=1
2025/12/17 22:53:36 [worker 3] tick=1130 mode=heavy work_us=9000 sleep_us=1000 cpu=1
2025/12/17 22:53:36 [worker 2] tick=1140 mode=heavy work_us=9000 sleep_us=1000 cpu=1
2025/12/17 22:53:36 [worker 0] tick=1140 mode=heavy work_us=9000 sleep_us=1000 cpu=0
2025/12/17 22:53:36 [worker 1] tick=1140 mode=heavy work_us=9000 sleep_us=1000 cpu=1
2025/12/17 22:53:36 [worker 3] tick=1140 mode=heavy work_us=9000 sleep_us=1000 cpu=1
2025/12/17 22:53:36 [worker 2] tick=1150 mode=heavy work_us=9000 sleep_us=1000 cpu=1
2025/12/17 22:53:36 [worker 0] tick=1150 mode=heavy work_us=9000 sleep_us=1000 cpu=0
2025/12/17 22:53:36 [worker 3] tick=1150 mode=heavy work_us=9000 sleep_us=1000 cpu=1
2025/12/17 22:53:36 [worker 1] tick=1150 mode=heavy work_us=9000 sleep_us=1000 cpu=1
2025/12/17 22:53:37 [worker 2] tick=1160 mode=heavy work_us=9000 sleep_us=1000 cpu=1
2025/12/17 22:53:37 [worker 0] tick=1160 mode=heavy work_us=9000 sleep_us=1000 cpu=0
2025/12/17 22:53:37 [worker 3] tick=1160 mode=heavy work_us=9000 sleep_us=1000 cpu=1
2025/12/17 22:53:37 [worker 1] tick=1160 mode=heavy work_us=9000 sleep_us=1000 cpu=1
2025/12/17 22:53:37 [worker 2] tick=1170 mode=heavy work_us=9000 sleep_us=1000 cpu=1
2025/12/17 22:53:37 [worker 0] tick=1170 mode=heavy work_us=9000 sleep_us=1000 cpu=0
2025/12/17 22:53:37 [worker 1] tick=1170 mode=heavy work_us=9000 sleep_us=1000 cpu=1
2025/12/17 22:53:37 [worker 3] tick=1170 mode=heavy work_us=9000 sleep_us=1000 cpu=1
2025/12/17 22:53:37 [worker 2] tick=1180 mode=heavy work_us=9000 sleep_us=1000 cpu=1
2025/12/17 22:53:37 [worker 0] tick=1180 mode=heavy work_us=9000 sleep_us=1000 cpu=0
2025/12/17 22:53:37 [worker 1] tick=1180 mode=heavy work_us=9000 sleep_us=1000 cpu=1
2025/12/17 22:53:37 [worker 3] tick=1180 mode=heavy work_us=9000 sleep_us=1000 cpu=1
2025/12/17 22:53:37 [worker 2] tick=1190 mode=heavy work_us=9000 sleep_us=1000 cpu=1
2025/12/17 22:53:37 [worker 0] tick=1190 mode=heavy work_us=9000 sleep_us=1000 cpu=0
2025/12/17 22:53:37 [worker 1] tick=1190 mode=heavy work_us=9000 sleep_us=1000 cpu=1
2025/12/17 22:53:37 [worker 3] tick=1190 mode=heavy work_us=9000 sleep_us=1000 cpu=1
2025/12/17 22:53:37 [worker 2] tick=1200 mode=heavy work_us=9000 sleep_us=1000 cpu=1
2025/12/17 22:53:37 [worker 0] tick=1200 mode=heavy work_us=9000 sleep_us=1000 cpu=0
2025/12/17 22:53:37 [worker 1] tick=1200 mode=heavy work_us=9000 sleep_us=1000 cpu=1
2025/12/17 22:53:37 [worker 3] tick=1200 mode=heavy work_us=9000 sleep_us=1000 cpu=1
2025/12/17 22:53:37 [worker 2] tick=1210 mode=heavy work_us=9000 sleep_us=1000 cpu=1
2025/12/17 22:53:37 [worker 0] tick=1210 mode=heavy work_us=9000 sleep_us=1000 cpu=0
2025/12/17 22:53:37 [worker 1] tick=1210 mode=heavy work_us=9000 sleep_us=1000 cpu=1
2025/12/17 22:53:37 [worker 3] tick=1210 mode=heavy work_us=9000 sleep_us=1000 cpu=1
2025/12/17 22:53:37 [worker 2] tick=1220 mode=heavy work_us=9000 sleep_us=1000 cpu=1
2025/12/17 22:53:37 [worker 0] tick=1220 mode=heavy work_us=9000 sleep_us=1000 cpu=0
2025/12/17 22:53:37 [worker 1] tick=1220 mode=heavy work_us=9000 sleep_us=1000 cpu=1
2025/12/17 22:53:37 [worker 3] tick=1220 mode=heavy work_us=9000 sleep_us=1000 cpu=1
2025/12/17 22:53:37 [worker 2] tick=1230 mode=heavy work_us=9000 sleep_us=1000 cpu=1
2025/12/17 22:53:37 [worker 0] tick=1230 mode=heavy work_us=9000 sleep_us=1000 cpu=0
2025/12/17 22:53:37 [worker 1] tick=1230 mode=heavy work_us=9000 sleep_us=1000 cpu=1
2025/12/17 22:53:37 [worker 3] tick=1230 mode=heavy work_us=9000 sleep_us=1000 cpu=1
2025/12/17 22:53:37 [worker 2] tick=1240 mode=heavy work_us=9000 sleep_us=1000 cpu=1
2025/12/17 22:53:37 [worker 0] tick=1240 mode=heavy work_us=9000 sleep_us=1000 cpu=0
2025/12/17 22:53:38 [worker 1] tick=1240 mode=heavy work_us=9000 sleep_us=1000 cpu=1
2025/12/17 22:53:38 [worker 3] tick=1240 mode=heavy work_us=9000 sleep_us=1000 cpu=1
2025/12/17 22:53:38 [worker 2] tick=1250 mode=heavy work_us=9000 sleep_us=1000 cpu=1
2025/12/17 22:53:38 [worker 0] tick=1250 mode=heavy work_us=9000 sleep_us=1000 cpu=0
2025/12/17 22:53:38 [worker 3] tick=1250 mode=heavy work_us=9000 sleep_us=1000 cpu=1
2025/12/17 22:53:38 [worker 1] tick=1250 mode=heavy work_us=9000 sleep_us=1000 cpu=1
2025/12/17 22:53:38 [worker 0] tick=1260 mode=heavy work_us=9000 sleep_us=1000 cpu=0
2025/12/17 22:53:38 [worker 2] tick=1260 mode=heavy work_us=9000 sleep_us=1000 cpu=1
2025/12/17 22:53:38 [worker 3] tick=1260 mode=heavy work_us=9000 sleep_us=1000 cpu=1
2025/12/17 22:53:38 [worker 1] tick=1260 mode=heavy work_us=9000 sleep_us=1000 cpu=1
2025/12/17 22:53:38 [worker 2] tick=1270 mode=heavy work_us=9000 sleep_us=1000 cpu=1
2025/12/17 22:53:38 [worker 0] tick=1270 mode=heavy work_us=9000 sleep_us=1000 cpu=0
2025/12/17 22:53:38 [worker 3] tick=1270 mode=heavy work_us=9000 sleep_us=1000 cpu=1
2025/12/17 22:53:38 [worker 1] tick=1270 mode=heavy work_us=9000 sleep_us=1000 cpu=1
2025/12/17 22:53:38 [worker 2] tick=1280 mode=heavy work_us=9000 sleep_us=1000 cpu=1
2025/12/17 22:53:38 [worker 0] tick=1280 mode=heavy work_us=9000 sleep_us=1000 cpu=0
2025/12/17 22:53:38 [worker 3] tick=1280 mode=heavy work_us=9000 sleep_us=1000 cpu=1
2025/12/17 22:53:38 [worker 2] tick=1290 mode=heavy work_us=9000 sleep_us=1000 cpu=1
2025/12/17 22:53:38 [worker 1] tick=1280 mode=heavy work_us=9000 sleep_us=1000 cpu=1
2025/12/17 22:53:38 [worker 0] tick=1290 mode=heavy work_us=9000 sleep_us=1000 cpu=0
2025/12/17 22:53:38 [worker 3] tick=1290 mode=heavy work_us=9000 sleep_us=1000 cpu=1
2025/12/17 22:53:38 [worker 1] tick=1290 mode=heavy work_us=9000 sleep_us=1000 cpu=1
2025/12/17 22:53:38 [worker 2] tick=1300 mode=heavy work_us=9000 sleep_us=1000 cpu=1
2025/12/17 22:53:38 [worker 0] tick=1300 mode=heavy work_us=9000 sleep_us=1000 cpu=0
2025/12/17 22:53:38 [worker 3] tick=1300 mode=heavy work_us=9000 sleep_us=1000 cpu=1
2025/12/17 22:53:38 [worker 1] tick=1300 mode=heavy work_us=9000 sleep_us=1000 cpu=1
2025/12/17 22:53:38 [worker 2] tick=1310 mode=heavy work_us=9000 sleep_us=1000 cpu=1
2025/12/17 22:53:38 [worker 0] tick=1310 mode=heavy work_us=9000 sleep_us=1000 cpu=0
2025/12/17 22:53:38 [worker 3] tick=1310 mode=heavy work_us=9000 sleep_us=1000 cpu=1
2025/12/17 22:53:38 [worker 1] tick=1310 mode=heavy work_us=9000 sleep_us=1000 cpu=1
2025/12/17 22:53:38 [worker 2] tick=1320 mode=heavy work_us=9000 sleep_us=1000 cpu=1
2025/12/17 22:53:38 [worker 0] tick=1320 mode=heavy work_us=9000 sleep_us=1000 cpu=0
2025/12/17 22:53:39 [worker 3] tick=1320 mode=heavy work_us=9000 sleep_us=1000 cpu=1
2025/12/17 22:53:39 [worker 1] tick=1320 mode=heavy work_us=9000 sleep_us=1000 cpu=1
2025/12/17 22:53:39 [worker 2] tick=1330 mode=heavy work_us=9000 sleep_us=1000 cpu=1
2025/12/17 22:53:39 [worker 0] tick=1330 mode=heavy work_us=9000 sleep_us=1000 cpu=0
2025/12/17 22:53:39 [worker 3] tick=1330 mode=heavy work_us=9000 sleep_us=1000 cpu=1
2025/12/17 22:53:39 [worker 1] tick=1330 mode=heavy work_us=9000 sleep_us=1000 cpu=1
2025/12/17 22:53:39 [worker 2] tick=1340 mode=heavy work_us=9000 sleep_us=1000 cpu=1
2025/12/17 22:53:39 [worker 0] tick=1340 mode=heavy work_us=9000 sleep_us=1000 cpu=0
2025/12/17 22:53:39 [worker 3] tick=1340 mode=heavy work_us=9000 sleep_us=1000 cpu=1
2025/12/17 22:53:39 [worker 1] tick=1340 mode=heavy work_us=9000 sleep_us=1000 cpu=1
2025/12/17 22:53:39 [worker 2] tick=1350 mode=heavy work_us=9000 sleep_us=1000 cpu=1
2025/12/17 22:53:39 [worker 0] tick=1350 mode=heavy work_us=9000 sleep_us=1000 cpu=0
2025/12/17 22:53:39 [worker 3] tick=1350 mode=heavy work_us=9000 sleep_us=1000 cpu=1
2025/12/17 22:53:39 [worker 1] tick=1350 mode=heavy work_us=9000 sleep_us=1000 cpu=1
2025/12/17 22:53:39 [worker 2] tick=1360 mode=heavy work_us=9000 sleep_us=1000 cpu=1
2025/12/17 22:53:39 [worker 0] tick=1360 mode=heavy work_us=9000 sleep_us=1000 cpu=0
2025/12/17 22:53:39 [worker 1] tick=1360 mode=heavy work_us=9000 sleep_us=1000 cpu=1
2025/12/17 22:53:39 [worker 3] tick=1360 mode=heavy work_us=9000 sleep_us=1000 cpu=1
2025/12/17 22:53:39 [worker 2] tick=1370 mode=heavy work_us=9000 sleep_us=1000 cpu=1
2025/12/17 22:53:39 [worker 0] tick=1370 mode=heavy work_us=9000 sleep_us=1000 cpu=0
2025/12/17 22:53:39 [worker 1] tick=1370 mode=heavy work_us=9000 sleep_us=1000 cpu=1
2025/12/17 22:53:39 [worker 3] tick=1370 mode=heavy work_us=9000 sleep_us=1000 cpu=1
2025/12/17 22:53:39 [worker 2] tick=1380 mode=heavy work_us=9000 sleep_us=1000 cpu=1
2025/12/17 22:53:39 [worker 0] tick=1380 mode=heavy work_us=9000 sleep_us=1000 cpu=0
2025/12/17 22:53:39 [worker 1] tick=1380 mode=heavy work_us=9000 sleep_us=1000 cpu=1
2025/12/17 22:53:39 [worker 3] tick=1380 mode=heavy work_us=9000 sleep_us=1000 cpu=1
2025/12/17 22:53:39 [worker 2] tick=1390 mode=heavy work_us=9000 sleep_us=1000 cpu=1
2025/12/17 22:53:39 [worker 0] tick=1390 mode=heavy work_us=9000 sleep_us=1000 cpu=0
2025/12/17 22:53:39 [worker 1] tick=1390 mode=heavy work_us=9000 sleep_us=1000 cpu=1
2025/12/17 22:53:39 [worker 3] tick=1390 mode=heavy work_us=9000 sleep_us=1000 cpu=1
2025/12/17 22:53:39 [worker 2] tick=1400 mode=heavy work_us=9000 sleep_us=1000 cpu=1
2025/12/17 22:53:39 [worker 0] tick=1400 mode=heavy work_us=9000 sleep_us=1000 cpu=0
2025/12/17 22:53:40 [worker 3] tick=1400 mode=heavy work_us=9000 sleep_us=1000 cpu=1
2025/12/17 22:53:40 [worker 1] tick=1400 mode=heavy work_us=9000 sleep_us=1000 cpu=1
2025/12/17 22:53:40 [worker 2] tick=1410 mode=heavy work_us=9000 sleep_us=1000 cpu=1
2025/12/17 22:53:40 [worker 0] tick=1410 mode=heavy work_us=9000 sleep_us=1000 cpu=0
2025/12/17 22:53:40 [worker 1] tick=1410 mode=heavy work_us=9000 sleep_us=1000 cpu=1
2025/12/17 22:53:40 [worker 3] tick=1410 mode=heavy work_us=9000 sleep_us=1000 cpu=1
2025/12/17 22:53:40 [worker 2] tick=1420 mode=heavy work_us=9000 sleep_us=1000 cpu=1
2025/12/17 22:53:40 [worker 0] tick=1420 mode=heavy work_us=9000 sleep_us=1000 cpu=0
2025/12/17 22:53:40 [worker 1] tick=1420 mode=heavy work_us=9000 sleep_us=1000 cpu=1
2025/12/17 22:53:40 [worker 3] tick=1420 mode=heavy work_us=9000 sleep_us=1000 cpu=1
2025/12/17 22:53:40 [worker 2] tick=1430 mode=heavy work_us=9000 sleep_us=1000 cpu=1
2025/12/17 22:53:40 [worker 0] tick=1430 mode=heavy work_us=9000 sleep_us=1000 cpu=0
2025/12/17 22:53:40 [worker 1] tick=1430 mode=heavy work_us=9000 sleep_us=1000 cpu=1
2025/12/17 22:53:40 [worker 3] tick=1430 mode=heavy work_us=9000 sleep_us=1000 cpu=1
2025/12/17 22:53:40 [worker 2] tick=1440 mode=heavy work_us=9000 sleep_us=1000 cpu=1
2025/12/17 22:53:40 [worker 0] tick=1440 mode=heavy work_us=9000 sleep_us=1000 cpu=0
2025/12/17 22:53:40 [worker 1] tick=1440 mode=heavy work_us=9000 sleep_us=1000 cpu=1
2025/12/17 22:53:40 [worker 3] tick=1440 mode=heavy work_us=9000 sleep_us=1000 cpu=1
2025/12/17 22:53:40 [worker 2] tick=1450 mode=heavy work_us=9000 sleep_us=1000 cpu=1
2025/12/17 22:53:40 [worker 0] tick=1450 mode=heavy work_us=9000 sleep_us=1000 cpu=0
2025/12/17 22:53:40 [worker 1] tick=1450 mode=heavy work_us=9000 sleep_us=1000 cpu=1
2025/12/17 22:53:40 [worker 3] tick=1450 mode=heavy work_us=9000 sleep_us=1000 cpu=1
2025/12/17 22:53:40 [worker 2] tick=1460 mode=heavy work_us=9000 sleep_us=1000 cpu=1
2025/12/17 22:53:40 [worker 0] tick=1460 mode=heavy work_us=9000 sleep_us=1000 cpu=0
2025/12/17 22:53:40 [worker 1] tick=1460 mode=heavy work_us=9000 sleep_us=1000 cpu=1
2025/12/17 22:53:40 [worker 3] tick=1460 mode=heavy work_us=9000 sleep_us=1000 cpu=1
2025/12/17 22:53:40 [worker 2] tick=1470 mode=heavy work_us=9000 sleep_us=1000 cpu=1
2025/12/17 22:53:40 [worker 0] tick=1470 mode=heavy work_us=9000 sleep_us=1000 cpu=0
2025/12/17 22:53:40 [worker 1] tick=1470 mode=heavy work_us=9000 sleep_us=1000 cpu=1
2025/12/17 22:53:40 [worker 3] tick=1470 mode=heavy work_us=9000 sleep_us=1000 cpu=1
2025/12/17 22:53:40 [worker 2] tick=1480 mode=heavy work_us=9000 sleep_us=1000 cpu=1
2025/12/17 22:53:40 [worker 0] tick=1480 mode=heavy work_us=9000 sleep_us=1000 cpu=0
2025/12/17 22:53:40 [worker 1] tick=1480 mode=heavy work_us=9000 sleep_us=1000 cpu=1
2025/12/17 22:53:40 [worker 3] tick=1480 mode=heavy work_us=9000 sleep_us=1000 cpu=1
2025/12/17 22:53:41 [worker 2] tick=1490 mode=heavy work_us=9000 sleep_us=1000 cpu=1
2025/12/17 22:53:41 [worker 0] tick=1490 mode=heavy work_us=9000 sleep_us=1000 cpu=0
2025/12/17 22:53:41 [worker 1] tick=1490 mode=heavy work_us=9000 sleep_us=1000 cpu=1
2025/12/17 22:53:41 [worker 3] tick=1490 mode=heavy work_us=9000 sleep_us=1000 cpu=1
2025/12/17 22:53:41 [worker 2] tick=1500 mode=heavy work_us=9000 sleep_us=1000 cpu=1
2025/12/17 22:53:41 [worker 0] tick=1500 mode=heavy work_us=9000 sleep_us=1000 cpu=0
2025/12/17 22:53:41 [worker 3] tick=1500 mode=heavy work_us=9000 sleep_us=1000 cpu=1
2025/12/17 22:53:41 [worker 1] tick=1500 mode=heavy work_us=9000 sleep_us=1000 cpu=1
2025/12/17 22:53:41 [worker 2] tick=1510 mode=heavy work_us=9000 sleep_us=1000 cpu=1
2025/12/17 22:53:41 [worker 0] tick=1510 mode=heavy work_us=9000 sleep_us=1000 cpu=0
2025/12/17 22:53:41 [worker 1] tick=1510 mode=heavy work_us=9000 sleep_us=1000 cpu=1
2025/12/17 22:53:41 [worker 3] tick=1510 mode=heavy work_us=9000 sleep_us=1000 cpu=1
2025/12/17 22:53:41 [worker 2] tick=1520 mode=heavy work_us=9000 sleep_us=1000 cpu=1
2025/12/17 22:53:41 [worker 0] tick=1520 mode=heavy work_us=9000 sleep_us=1000 cpu=0
2025/12/17 22:53:41 [worker 1] tick=1520 mode=heavy work_us=9000 sleep_us=1000 cpu=1
2025/12/17 22:53:41 [worker 3] tick=1520 mode=heavy work_us=9000 sleep_us=1000 cpu=1
2025/12/17 22:53:41 [worker 2] tick=1530 mode=heavy work_us=9000 sleep_us=1000 cpu=1
2025/12/17 22:53:41 [worker 0] tick=1530 mode=heavy work_us=9000 sleep_us=1000 cpu=0
2025/12/17 22:53:41 [worker 1] tick=1530 mode=heavy work_us=9000 sleep_us=1000 cpu=1
2025/12/17 22:53:41 [worker 3] tick=1530 mode=heavy work_us=9000 sleep_us=1000 cpu=1
2025/12/17 22:53:41 [worker 2] tick=1540 mode=heavy work_us=9000 sleep_us=1000 cpu=1
2025/12/17 22:53:41 [worker 0] tick=1540 mode=heavy work_us=9000 sleep_us=1000 cpu=0
2025/12/17 22:53:41 [worker 1] tick=1540 mode=heavy work_us=9000 sleep_us=1000 cpu=1
2025/12/17 22:53:41 [worker 3] tick=1540 mode=heavy work_us=9000 sleep_us=1000 cpu=1
2025/12/17 22:53:41 [worker 2] tick=1550 mode=heavy work_us=9000 sleep_us=1000 cpu=1
2025/12/17 22:53:41 [worker 0] tick=1550 mode=heavy work_us=9000 sleep_us=1000 cpu=0
2025/12/17 22:53:41 [worker 1] tick=1550 mode=heavy work_us=9000 sleep_us=1000 cpu=1
2025/12/17 22:53:41 [worker 3] tick=1550 mode=heavy work_us=9000 sleep_us=1000 cpu=1
2025/12/17 22:53:41 [worker 2] tick=1560 mode=heavy work_us=9000 sleep_us=1000 cpu=1
2025/12/17 22:53:41 [worker 0] tick=1560 mode=heavy work_us=9000 sleep_us=1000 cpu=0
2025/12/17 22:53:41 [worker 1] tick=1560 mode=heavy work_us=9000 sleep_us=1000 cpu=1
2025/12/17 22:53:41 [worker 2] tick=1570 mode=heavy work_us=9000 sleep_us=1000 cpu=1
2025/12/17 22:53:41 [worker 3] tick=1560 mode=heavy work_us=9000 sleep_us=1000 cpu=1
2025/12/17 22:53:42 [worker 0] tick=1570 mode=heavy work_us=9000 sleep_us=1000 cpu=0
2025/12/17 22:53:42 [worker 1] tick=1570 mode=heavy work_us=9000 sleep_us=1000 cpu=1
2025/12/17 22:53:42 [worker 2] tick=1580 mode=heavy work_us=9000 sleep_us=1000 cpu=1
2025/12/17 22:53:42 [worker 3] tick=1570 mode=heavy work_us=9000 sleep_us=1000 cpu=1
2025/12/17 22:53:42 [worker 0] tick=1580 mode=heavy work_us=9000 sleep_us=1000 cpu=0
2025/12/17 22:53:42 [worker 1] tick=1580 mode=heavy work_us=9000 sleep_us=1000 cpu=1
2025/12/17 22:53:42 [worker 3] tick=1580 mode=heavy work_us=9000 sleep_us=1000 cpu=1
2025/12/17 22:53:42 [worker 2] tick=1590 mode=heavy work_us=9000 sleep_us=1000 cpu=1
2025/12/17 22:53:42 [worker 0] tick=1590 mode=heavy work_us=9000 sleep_us=1000 cpu=0
2025/12/17 22:53:42 [worker 1] tick=1590 mode=heavy work_us=9000 sleep_us=1000 cpu=1
2025/12/17 22:53:42 [worker 2] tick=1600 mode=heavy work_us=9000 sleep_us=1000 cpu=1
2025/12/17 22:53:42 [worker 3] tick=1590 mode=heavy work_us=9000 sleep_us=1000 cpu=1
2025/12/17 22:53:42 [worker 0] tick=1600 mode=heavy work_us=9000 sleep_us=1000 cpu=0
2025/12/17 22:53:42 [worker 1] tick=1600 mode=heavy work_us=9000 sleep_us=1000 cpu=1
2025/12/17 22:53:42 [worker 2] tick=1610 mode=heavy work_us=9000 sleep_us=1000 cpu=1
2025/12/17 22:53:42 [worker 3] tick=1600 mode=heavy work_us=9000 sleep_us=1000 cpu=1
2025/12/17 22:53:42 [worker 0] tick=1610 mode=heavy work_us=9000 sleep_us=1000 cpu=0
2025/12/17 22:53:42 [worker 1] tick=1610 mode=heavy work_us=9000 sleep_us=1000 cpu=1
2025/12/17 22:53:42 [worker 2] tick=1620 mode=heavy work_us=9000 sleep_us=1000 cpu=1
2025/12/17 22:53:42 [worker 3] tick=1610 mode=heavy work_us=9000 sleep_us=1000 cpu=1
2025/12/17 22:53:42 [worker 0] tick=1620 mode=heavy work_us=9000 sleep_us=1000 cpu=0
2025/12/17 22:53:42 [worker 1] tick=1620 mode=heavy work_us=9000 sleep_us=1000 cpu=1
2025/12/17 22:53:42 [worker 2] tick=1630 mode=heavy work_us=9000 sleep_us=1000 cpu=1
2025/12/17 22:53:42 [worker 3] tick=1620 mode=heavy work_us=9000 sleep_us=1000 cpu=1
2025/12/17 22:53:42 [worker 0] tick=1630 mode=heavy work_us=9000 sleep_us=1000 cpu=0
2025/12/17 22:53:42 [worker 1] tick=1630 mode=heavy work_us=9000 sleep_us=1000 cpu=1
2025/12/17 22:53:42 [worker 2] tick=1640 mode=heavy work_us=9000 sleep_us=1000 cpu=1
2025/12/17 22:53:42 [worker 3] tick=1630 mode=heavy work_us=9000 sleep_us=1000 cpu=1
2025/12/17 22:53:42 [worker 0] tick=1640 mode=heavy work_us=9000 sleep_us=1000 cpu=0
2025/12/17 22:53:42 [worker 1] tick=1640 mode=heavy work_us=9000 sleep_us=1000 cpu=1
2025/12/17 22:53:42 [worker 2] tick=1650 mode=heavy work_us=9000 sleep_us=1000 cpu=1
2025/12/17 22:53:42 [worker 3] tick=1640 mode=heavy work_us=9000 sleep_us=1000 cpu=1
2025/12/17 22:53:43 Received SIGUSR1 -> switching all workers to LIGHT mode
2025/12/17 22:53:43 [worker 0] tick=1650 mode=heavy work_us=9000 sleep_us=1000 cpu=0
2025/12/17 22:53:43 [worker 1] tick=1650 mode=heavy work_us=9000 sleep_us=1000 cpu=1
2025/12/17 22:53:43 [worker 2] tick=1660 mode=heavy work_us=9000 sleep_us=1000 cpu=1
2025/12/17 22:53:43 Broadcasting light mode to all workers
2025/12/17 22:53:43 Broadcasting signal user defined signal 1 to all workers
2025/12/17 22:53:43 Sending signal user defined signal 1 to worker 1 (PID 4958)
2025/12/17 22:53:43 Sending signal user defined signal 1 to worker 2 (PID 4962)
2025/12/17 22:53:43 Sending signal user defined signal 1 to worker 3 (PID 4966)
2025/12/17 22:53:43 Sending signal user defined signal 1 to worker 0 (PID 4957)
2025/12/17 22:53:43 Sent signal user defined signal 1 to 4 workers
2025/12/17 22:53:43 [worker 4958] Switched to LIGHT mode (user defined signal 1) - WORK_US: 2000, SLEEP_US: 8000
2025/12/17 22:53:43 [worker 4962] Switched to LIGHT mode (user defined signal 1) - WORK_US: 2000, SLEEP_US: 8000
2025/12/17 22:53:43 [worker 4966] Switched to LIGHT mode (user defined signal 1) - WORK_US: 2000, SLEEP_US: 8000
2025/12/17 22:53:43 [worker 3] tick=1650 mode=light work_us=2000 sleep_us=8000 cpu=1
2025/12/17 22:53:43 [worker 4957] Switched to LIGHT mode (user defined signal 1) - WORK_US: 2000, SLEEP_US: 8000
2025/12/17 22:53:43 [worker 0] tick=1660 mode=light work_us=2000 sleep_us=8000 cpu=0
2025/12/17 22:53:43 [worker 1] tick=1660 mode=light work_us=2000 sleep_us=8000 cpu=1
2025/12/17 22:53:43 [worker 2] tick=1670 mode=light work_us=2000 sleep_us=8000 cpu=1
2025/12/17 22:53:43 [worker 3] tick=1660 mode=light work_us=2000 sleep_us=8000 cpu=1
2025/12/17 22:53:43 [worker 0] tick=1670 mode=light work_us=2000 sleep_us=8000 cpu=0
2025/12/17 22:53:43 [worker 1] tick=1670 mode=light work_us=2000 sleep_us=8000 cpu=1
2025/12/17 22:53:43 [worker 2] tick=1680 mode=light work_us=2000 sleep_us=8000 cpu=1
2025/12/17 22:53:43 [worker 3] tick=1670 mode=light work_us=2000 sleep_us=8000 cpu=1
2025/12/17 22:53:43 [worker 0] tick=1680 mode=light work_us=2000 sleep_us=8000 cpu=0
2025/12/17 22:53:43 [worker 1] tick=1680 mode=light work_us=2000 sleep_us=8000 cpu=1
2025/12/17 22:53:43 [worker 2] tick=1690 mode=light work_us=2000 sleep_us=8000 cpu=1
2025/12/17 22:53:43 [worker 3] tick=1680 mode=light work_us=2000 sleep_us=8000 cpu=1
2025/12/17 22:53:43 [worker 0] tick=1690 mode=light work_us=2000 sleep_us=8000 cpu=0
2025/12/17 22:53:43 [worker 1] tick=1690 mode=light work_us=2000 sleep_us=8000 cpu=1
2025/12/17 22:53:43 [worker 2] tick=1700 mode=light work_us=2000 sleep_us=8000 cpu=1
2025/12/17 22:53:43 [worker 3] tick=1690 mode=light work_us=2000 sleep_us=8000 cpu=1
2025/12/17 22:53:43 [worker 0] tick=1700 mode=light work_us=2000 sleep_us=8000 cpu=0
2025/12/17 22:53:43 [worker 1] tick=1700 mode=light work_us=2000 sleep_us=8000 cpu=1
2025/12/17 22:53:43 [worker 2] tick=1710 mode=light work_us=2000 sleep_us=8000 cpu=1
2025/12/17 22:53:43 [worker 3] tick=1700 mode=light work_us=2000 sleep_us=8000 cpu=1
2025/12/17 22:53:43 [worker 0] tick=1710 mode=light work_us=2000 sleep_us=8000 cpu=0
2025/12/17 22:53:43 [worker 1] tick=1710 mode=light work_us=2000 sleep_us=8000 cpu=1
2025/12/17 22:53:43 [worker 2] tick=1720 mode=light work_us=2000 sleep_us=8000 cpu=1
2025/12/17 22:53:43 [worker 3] tick=1710 mode=light work_us=2000 sleep_us=8000 cpu=1
2025/12/17 22:53:43 [worker 0] tick=1720 mode=light work_us=2000 sleep_us=8000 cpu=0
2025/12/17 22:53:43 [worker 1] tick=1720 mode=light work_us=2000 sleep_us=8000 cpu=1
2025/12/17 22:53:43 [worker 2] tick=1730 mode=light work_us=2000 sleep_us=8000 cpu=1
2025/12/17 22:53:43 [worker 3] tick=1720 mode=light work_us=2000 sleep_us=8000 cpu=1
2025/12/17 22:53:43 [worker 0] tick=1730 mode=light work_us=2000 sleep_us=8000 cpu=0
2025/12/17 22:53:43 [worker 1] tick=1730 mode=light work_us=2000 sleep_us=8000 cpu=1
2025/12/17 22:53:43 [worker 2] tick=1740 mode=light work_us=2000 sleep_us=8000 cpu=1
2025/12/17 22:53:43 [worker 3] tick=1730 mode=light work_us=2000 sleep_us=8000 cpu=1
2025/12/17 22:53:44 [worker 0] tick=1740 mode=light work_us=2000 sleep_us=8000 cpu=0
2025/12/17 22:53:44 [worker 1] tick=1740 mode=light work_us=2000 sleep_us=8000 cpu=1
2025/12/17 22:53:44 [worker 2] tick=1750 mode=light work_us=2000 sleep_us=8000 cpu=1
2025/12/17 22:53:44 [worker 3] tick=1740 mode=light work_us=2000 sleep_us=8000 cpu=1
2025/12/17 22:53:44 [worker 0] tick=1750 mode=light work_us=2000 sleep_us=8000 cpu=0
2025/12/17 22:53:44 [worker 1] tick=1750 mode=light work_us=2000 sleep_us=8000 cpu=1
2025/12/17 22:53:44 [worker 2] tick=1760 mode=light work_us=2000 sleep_us=8000 cpu=1
2025/12/17 22:53:44 [worker 3] tick=1750 mode=light work_us=2000 sleep_us=8000 cpu=1
2025/12/17 22:53:44 [worker 0] tick=1760 mode=light work_us=2000 sleep_us=8000 cpu=0
2025/12/17 22:53:44 [worker 1] tick=1760 mode=light work_us=2000 sleep_us=8000 cpu=1
2025/12/17 22:53:44 [worker 2] tick=1770 mode=light work_us=2000 sleep_us=8000 cpu=1
2025/12/17 22:53:44 [worker 3] tick=1760 mode=light work_us=2000 sleep_us=8000 cpu=1
2025/12/17 22:53:44 [worker 0] tick=1770 mode=light work_us=2000 sleep_us=8000 cpu=0
2025/12/17 22:53:44 [worker 1] tick=1770 mode=light work_us=2000 sleep_us=8000 cpu=1
2025/12/17 22:53:44 [worker 2] tick=1780 mode=light work_us=2000 sleep_us=8000 cpu=1
2025/12/17 22:53:44 [worker 3] tick=1770 mode=light work_us=2000 sleep_us=8000 cpu=1
2025/12/17 22:53:44 [worker 0] tick=1780 mode=light work_us=2000 sleep_us=8000 cpu=0
2025/12/17 22:53:44 [worker 1] tick=1780 mode=light work_us=2000 sleep_us=8000 cpu=1
2025/12/17 22:53:44 [worker 2] tick=1790 mode=light work_us=2000 sleep_us=8000 cpu=1
2025/12/17 22:53:44 [worker 3] tick=1780 mode=light work_us=2000 sleep_us=8000 cpu=1
2025/12/17 22:53:44 [worker 0] tick=1790 mode=light work_us=2000 sleep_us=8000 cpu=0
2025/12/17 22:53:44 [worker 1] tick=1790 mode=light work_us=2000 sleep_us=8000 cpu=1
2025/12/17 22:53:44 [worker 2] tick=1800 mode=light work_us=2000 sleep_us=8000 cpu=1
2025/12/17 22:53:44 [worker 3] tick=1790 mode=light work_us=2000 sleep_us=8000 cpu=1
2025/12/17 22:53:44 [worker 0] tick=1800 mode=light work_us=2000 sleep_us=8000 cpu=0
2025/12/17 22:53:44 [worker 1] tick=1800 mode=light work_us=2000 sleep_us=8000 cpu=1
2025/12/17 22:53:44 [worker 2] tick=1810 mode=light work_us=2000 sleep_us=8000 cpu=1
2025/12/17 22:53:44 [worker 3] tick=1800 mode=light work_us=2000 sleep_us=8000 cpu=1
2025/12/17 22:53:44 [worker 0] tick=1810 mode=light work_us=2000 sleep_us=8000 cpu=0
2025/12/17 22:53:44 [worker 1] tick=1810 mode=light work_us=2000 sleep_us=8000 cpu=1
2025/12/17 22:53:44 [worker 2] tick=1820 mode=light work_us=2000 sleep_us=8000 cpu=1
2025/12/17 22:53:44 [worker 3] tick=1810 mode=light work_us=2000 sleep_us=8000 cpu=1
2025/12/17 22:53:44 [worker 0] tick=1820 mode=light work_us=2000 sleep_us=8000 cpu=0
2025/12/17 22:53:44 [worker 2] tick=1830 mode=light work_us=2000 sleep_us=8000 cpu=1
2025/12/17 22:53:44 [worker 1] tick=1820 mode=light work_us=2000 sleep_us=8000 cpu=1
2025/12/17 22:53:44 [worker 3] tick=1820 mode=light work_us=2000 sleep_us=8000 cpu=1
2025/12/17 22:53:45 [worker 0] tick=1830 mode=light work_us=2000 sleep_us=8000 cpu=0
2025/12/17 22:53:45 [worker 1] tick=1830 mode=light work_us=2000 sleep_us=8000 cpu=1
2025/12/17 22:53:45 [worker 2] tick=1840 mode=light work_us=2000 sleep_us=8000 cpu=1
2025/12/17 22:53:45 [worker 3] tick=1830 mode=light work_us=2000 sleep_us=8000 cpu=1
2025/12/17 22:53:45 [worker 0] tick=1840 mode=light work_us=2000 sleep_us=8000 cpu=0
2025/12/17 22:53:45 [worker 1] tick=1840 mode=light work_us=2000 sleep_us=8000 cpu=1
2025/12/17 22:53:45 [worker 2] tick=1850 mode=light work_us=2000 sleep_us=8000 cpu=1
2025/12/17 22:53:45 [worker 3] tick=1840 mode=light work_us=2000 sleep_us=8000 cpu=1
2025/12/17 22:53:45 [worker 0] tick=1850 mode=light work_us=2000 sleep_us=8000 cpu=0
2025/12/17 22:53:45 [worker 1] tick=1850 mode=light work_us=2000 sleep_us=8000 cpu=1
2025/12/17 22:53:45 [worker 2] tick=1860 mode=light work_us=2000 sleep_us=8000 cpu=1
2025/12/17 22:53:45 [worker 3] tick=1850 mode=light work_us=2000 sleep_us=8000 cpu=1
2025/12/17 22:53:45 [worker 0] tick=1860 mode=light work_us=2000 sleep_us=8000 cpu=0
2025/12/17 22:53:45 [worker 1] tick=1860 mode=light work_us=2000 sleep_us=8000 cpu=1
2025/12/17 22:53:45 [worker 2] tick=1870 mode=light work_us=2000 sleep_us=8000 cpu=1
2025/12/17 22:53:45 [worker 3] tick=1860 mode=light work_us=2000 sleep_us=8000 cpu=1
2025/12/17 22:53:45 [worker 0] tick=1870 mode=light work_us=2000 sleep_us=8000 cpu=0
2025/12/17 22:53:45 [worker 1] tick=1870 mode=light work_us=2000 sleep_us=8000 cpu=1
2025/12/17 22:53:45 [worker 2] tick=1880 mode=light work_us=2000 sleep_us=8000 cpu=1
2025/12/17 22:53:45 [worker 3] tick=1870 mode=light work_us=2000 sleep_us=8000 cpu=1
2025/12/17 22:53:45 [worker 0] tick=1880 mode=light work_us=2000 sleep_us=8000 cpu=0
2025/12/17 22:53:45 [worker 1] tick=1880 mode=light work_us=2000 sleep_us=8000 cpu=1
2025/12/17 22:53:45 [worker 2] tick=1890 mode=light work_us=2000 sleep_us=8000 cpu=1
2025/12/17 22:53:45 [worker 3] tick=1880 mode=light work_us=2000 sleep_us=8000 cpu=1
2025/12/17 22:53:45 [worker 0] tick=1890 mode=light work_us=2000 sleep_us=8000 cpu=0
2025/12/17 22:53:45 [worker 1] tick=1890 mode=light work_us=2000 sleep_us=8000 cpu=1
2025/12/17 22:53:45 [worker 2] tick=1900 mode=light work_us=2000 sleep_us=8000 cpu=1
2025/12/17 22:53:45 [worker 3] tick=1890 mode=light work_us=2000 sleep_us=8000 cpu=1
2025/12/17 22:53:45 [worker 0] tick=1900 mode=light work_us=2000 sleep_us=8000 cpu=0
2025/12/17 22:53:45 [worker 2] tick=1910 mode=light work_us=2000 sleep_us=8000 cpu=1
2025/12/17 22:53:45 [worker 1] tick=1900 mode=light work_us=2000 sleep_us=8000 cpu=1
2025/12/17 22:53:45 [worker 3] tick=1900 mode=light work_us=2000 sleep_us=8000 cpu=1
2025/12/17 22:53:45 [worker 0] tick=1910 mode=light work_us=2000 sleep_us=8000 cpu=0
2025/12/17 22:53:45 [worker 2] tick=1920 mode=light work_us=2000 sleep_us=8000 cpu=1
2025/12/17 22:53:45 [worker 1] tick=1910 mode=light work_us=2000 sleep_us=8000 cpu=1
2025/12/17 22:53:45 [worker 3] tick=1910 mode=light work_us=2000 sleep_us=8000 cpu=1
2025/12/17 22:53:46 [worker 0] tick=1920 mode=light work_us=2000 sleep_us=8000 cpu=0
2025/12/17 22:53:46 [worker 2] tick=1930 mode=light work_us=2000 sleep_us=8000 cpu=1
2025/12/17 22:53:46 [worker 1] tick=1920 mode=light work_us=2000 sleep_us=8000 cpu=1
2025/12/17 22:53:46 [worker 3] tick=1920 mode=light work_us=2000 sleep_us=8000 cpu=1
2025/12/17 22:53:46 [worker 0] tick=1930 mode=light work_us=2000 sleep_us=8000 cpu=0
2025/12/17 22:53:46 [worker 2] tick=1940 mode=light work_us=2000 sleep_us=8000 cpu=1
2025/12/17 22:53:46 [worker 1] tick=1930 mode=light work_us=2000 sleep_us=8000 cpu=1
2025/12/17 22:53:46 [worker 3] tick=1930 mode=light work_us=2000 sleep_us=8000 cpu=1
2025/12/17 22:53:46 [worker 0] tick=1940 mode=light work_us=2000 sleep_us=8000 cpu=0
2025/12/17 22:53:46 [worker 2] tick=1950 mode=light work_us=2000 sleep_us=8000 cpu=1
2025/12/17 22:53:46 [worker 1] tick=1940 mode=light work_us=2000 sleep_us=8000 cpu=1
2025/12/17 22:53:46 [worker 3] tick=1940 mode=light work_us=2000 sleep_us=8000 cpu=1
2025/12/17 22:53:46 [worker 0] tick=1950 mode=light work_us=2000 sleep_us=8000 cpu=0
2025/12/17 22:53:46 [worker 2] tick=1960 mode=light work_us=2000 sleep_us=8000 cpu=1
2025/12/17 22:53:46 [worker 1] tick=1950 mode=light work_us=2000 sleep_us=8000 cpu=1
2025/12/17 22:53:46 [worker 3] tick=1950 mode=light work_us=2000 sleep_us=8000 cpu=1
2025/12/17 22:53:46 [worker 0] tick=1960 mode=light work_us=2000 sleep_us=8000 cpu=0
2025/12/17 22:53:46 [worker 2] tick=1970 mode=light work_us=2000 sleep_us=8000 cpu=1
2025/12/17 22:53:46 [worker 1] tick=1960 mode=light work_us=2000 sleep_us=8000 cpu=1
2025/12/17 22:53:46 [worker 3] tick=1960 mode=light work_us=2000 sleep_us=8000 cpu=1
2025/12/17 22:53:46 [worker 2] tick=1980 mode=light work_us=2000 sleep_us=8000 cpu=1
2025/12/17 22:53:46 [worker 0] tick=1970 mode=light work_us=2000 sleep_us=8000 cpu=0
2025/12/17 22:53:46 [worker 1] tick=1970 mode=light work_us=2000 sleep_us=8000 cpu=1
2025/12/17 22:53:46 [worker 3] tick=1970 mode=light work_us=2000 sleep_us=8000 cpu=1
2025/12/17 22:53:46 [worker 0] tick=1980 mode=light work_us=2000 sleep_us=8000 cpu=0
2025/12/17 22:53:46 [worker 2] tick=1990 mode=light work_us=2000 sleep_us=8000 cpu=1
2025/12/17 22:53:46 [worker 1] tick=1980 mode=light work_us=2000 sleep_us=8000 cpu=1
2025/12/17 22:53:46 [worker 3] tick=1980 mode=light work_us=2000 sleep_us=8000 cpu=1
2025/12/17 22:53:46 [worker 0] tick=1990 mode=light work_us=2000 sleep_us=8000 cpu=0
2025/12/17 22:53:46 [worker 2] tick=2000 mode=light work_us=2000 sleep_us=8000 cpu=1
2025/12/17 22:53:46 [worker 1] tick=1990 mode=light work_us=2000 sleep_us=8000 cpu=1
2025/12/17 22:53:46 [worker 3] tick=1990 mode=light work_us=2000 sleep_us=8000 cpu=1
2025/12/17 22:53:46 [worker 0] tick=2000 mode=light work_us=2000 sleep_us=8000 cpu=0
2025/12/17 22:53:46 [worker 2] tick=2010 mode=light work_us=2000 sleep_us=8000 cpu=1
2025/12/17 22:53:46 [worker 1] tick=2000 mode=light work_us=2000 sleep_us=8000 cpu=1
2025/12/17 22:53:46 [worker 3] tick=2000 mode=light work_us=2000 sleep_us=8000 cpu=1
2025/12/17 22:53:47 [worker 0] tick=2010 mode=light work_us=2000 sleep_us=8000 cpu=0
2025/12/17 22:53:47 [worker 2] tick=2020 mode=light work_us=2000 sleep_us=8000 cpu=1
2025/12/17 22:53:47 [worker 1] tick=2010 mode=light work_us=2000 sleep_us=8000 cpu=1
2025/12/17 22:53:47 [worker 3] tick=2010 mode=light work_us=2000 sleep_us=8000 cpu=1
2025/12/17 22:53:47 [worker 0] tick=2020 mode=light work_us=2000 sleep_us=8000 cpu=0
2025/12/17 22:53:47 [worker 2] tick=2030 mode=light work_us=2000 sleep_us=8000 cpu=1
2025/12/17 22:53:47 [worker 1] tick=2020 mode=light work_us=2000 sleep_us=8000 cpu=1
2025/12/17 22:53:47 [worker 3] tick=2020 mode=light work_us=2000 sleep_us=8000 cpu=1
2025/12/17 22:53:47 [worker 1] tick=2030 mode=light work_us=2000 sleep_us=8000 cpu=1
2025/12/17 22:53:47 [worker 2] tick=2040 mode=light work_us=2000 sleep_us=8000 cpu=1
2025/12/17 22:53:47 [worker 0] tick=2030 mode=light work_us=2000 sleep_us=8000 cpu=0
2025/12/17 22:53:47 [worker 3] tick=2030 mode=light work_us=2000 sleep_us=8000 cpu=1
2025/12/17 22:53:47 [worker 1] tick=2040 mode=light work_us=2000 sleep_us=8000 cpu=1
2025/12/17 22:53:47 [worker 2] tick=2050 mode=light work_us=2000 sleep_us=8000 cpu=1
2025/12/17 22:53:47 [worker 0] tick=2040 mode=light work_us=2000 sleep_us=8000 cpu=0
2025/12/17 22:53:47 [worker 3] tick=2040 mode=light work_us=2000 sleep_us=8000 cpu=1
2025/12/17 22:53:47 [worker 1] tick=2050 mode=light work_us=2000 sleep_us=8000 cpu=1
2025/12/17 22:53:47 [worker 2] tick=2060 mode=light work_us=2000 sleep_us=8000 cpu=1
2025/12/17 22:53:47 [worker 0] tick=2050 mode=light work_us=2000 sleep_us=8000 cpu=0
2025/12/17 22:53:47 [worker 3] tick=2050 mode=light work_us=2000 sleep_us=8000 cpu=1
2025/12/17 22:53:47 [worker 0] tick=2060 mode=light work_us=2000 sleep_us=8000 cpu=0
2025/12/17 22:53:47 [worker 1] tick=2060 mode=light work_us=2000 sleep_us=8000 cpu=1
2025/12/17 22:53:47 [worker 2] tick=2070 mode=light work_us=2000 sleep_us=8000 cpu=1
2025/12/17 22:53:47 [worker 3] tick=2060 mode=light work_us=2000 sleep_us=8000 cpu=1
2025/12/17 22:53:47 [worker 2] tick=2080 mode=light work_us=2000 sleep_us=8000 cpu=1
2025/12/17 22:53:47 [worker 1] tick=2070 mode=light work_us=2000 sleep_us=8000 cpu=1
2025/12/17 22:53:47 [worker 0] tick=2070 mode=light work_us=2000 sleep_us=8000 cpu=0
2025/12/17 22:53:47 [worker 3] tick=2070 mode=light work_us=2000 sleep_us=8000 cpu=1
2025/12/17 22:53:47 [worker 0] tick=2080 mode=light work_us=2000 sleep_us=8000 cpu=0
2025/12/17 22:53:47 [worker 2] tick=2090 mode=light work_us=2000 sleep_us=8000 cpu=1
2025/12/17 22:53:47 [worker 1] tick=2080 mode=light work_us=2000 sleep_us=8000 cpu=1
2025/12/17 22:53:47 [worker 3] tick=2080 mode=light work_us=2000 sleep_us=8000 cpu=1
2025/12/17 22:53:47 [worker 2] tick=2100 mode=light work_us=2000 sleep_us=8000 cpu=1
2025/12/17 22:53:47 [worker 1] tick=2090 mode=light work_us=2000 sleep_us=8000 cpu=1
2025/12/17 22:53:47 [worker 0] tick=2090 mode=light work_us=2000 sleep_us=8000 cpu=0
2025/12/17 22:53:48 [worker 3] tick=2090 mode=light work_us=2000 sleep_us=8000 cpu=1
2025/12/17 22:53:48 Received SIGUSR2 -> switching all workers to HEAVY mode
2025/12/17 22:53:48 [worker 2] tick=2110 mode=light work_us=2000 sleep_us=8000 cpu=1
2025/12/17 22:53:48 [worker 1] tick=2100 mode=light work_us=2000 sleep_us=8000 cpu=1
2025/12/17 22:53:48 [worker 0] tick=2100 mode=light work_us=2000 sleep_us=8000 cpu=0
2025/12/17 22:53:48 Broadcasting heavy mode to all workers
2025/12/17 22:53:48 Broadcasting signal user defined signal 2 to all workers
2025/12/17 22:53:48 Sending signal user defined signal 2 to worker 3 (PID 4966)
2025/12/17 22:53:48 Sending signal user defined signal 2 to worker 0 (PID 4957)
2025/12/17 22:53:48 Sending signal user defined signal 2 to worker 1 (PID 4958)
2025/12/17 22:53:48 Sending signal user defined signal 2 to worker 2 (PID 4962)
2025/12/17 22:53:48 Sent signal user defined signal 2 to 4 workers
2025/12/17 22:53:48 [worker 4958] Switched to HEAVY mode (user defined signal 2) - WORK_US: 9000, SLEEP_US: 1000
2025/12/17 22:53:48 [worker 4962] Switched to HEAVY mode (user defined signal 2) - WORK_US: 9000, SLEEP_US: 1000
2025/12/17 22:53:48 [worker 4966] Switched to HEAVY mode (user defined signal 2) - WORK_US: 9000, SLEEP_US: 1000
2025/12/17 22:53:48 [worker 4957] Switched to HEAVY mode (user defined signal 2) - WORK_US: 9000, SLEEP_US: 1000
2025/12/17 22:53:48 [worker 3] tick=2100 mode=heavy work_us=9000 sleep_us=1000 cpu=0
2025/12/17 22:53:48 [worker 2] tick=2120 mode=heavy work_us=9000 sleep_us=1000 cpu=1
2025/12/17 22:53:48 [worker 1] tick=2110 mode=heavy work_us=9000 sleep_us=1000 cpu=1
2025/12/17 22:53:48 [worker 0] tick=2110 mode=heavy work_us=9000 sleep_us=1000 cpu=0
2025/12/17 22:53:48 [worker 3] tick=2110 mode=heavy work_us=9000 sleep_us=1000 cpu=0
2025/12/17 22:53:48 [worker 2] tick=2130 mode=heavy work_us=9000 sleep_us=1000 cpu=1
2025/12/17 22:53:48 [worker 1] tick=2120 mode=heavy work_us=9000 sleep_us=1000 cpu=1
2025/12/17 22:53:48 [worker 0] tick=2120 mode=heavy work_us=9000 sleep_us=1000 cpu=0
2025/12/17 22:53:48 [worker 3] tick=2120 mode=heavy work_us=9000 sleep_us=1000 cpu=0
2025/12/17 22:53:48 [worker 2] tick=2140 mode=heavy work_us=9000 sleep_us=1000 cpu=1
2025/12/17 22:53:48 [worker 0] tick=2130 mode=heavy work_us=9000 sleep_us=1000 cpu=0
2025/12/17 22:53:48 [worker 1] tick=2130 mode=heavy work_us=9000 sleep_us=1000 cpu=1
2025/12/17 22:53:48 [worker 3] tick=2130 mode=heavy work_us=9000 sleep_us=1000 cpu=0
2025/12/17 22:53:48 [worker 2] tick=2150 mode=heavy work_us=9000 sleep_us=1000 cpu=1
2025/12/17 22:53:48 [worker 1] tick=2140 mode=heavy work_us=9000 sleep_us=1000 cpu=1
2025/12/17 22:53:48 [worker 0] tick=2140 mode=heavy work_us=9000 sleep_us=1000 cpu=0
2025/12/17 22:53:48 [worker 3] tick=2140 mode=heavy work_us=9000 sleep_us=1000 cpu=0
2025/12/17 22:53:48 [worker 2] tick=2160 mode=heavy work_us=9000 sleep_us=1000 cpu=1
2025/12/17 22:53:48 [worker 1] tick=2150 mode=heavy work_us=9000 sleep_us=1000 cpu=1
2025/12/17 22:53:48 [worker 0] tick=2150 mode=heavy work_us=9000 sleep_us=1000 cpu=0
2025/12/17 22:53:48 [worker 3] tick=2150 mode=heavy work_us=9000 sleep_us=1000 cpu=0
2025/12/17 22:53:48 [worker 2] tick=2170 mode=heavy work_us=9000 sleep_us=1000 cpu=1
2025/12/17 22:53:48 [worker 0] tick=2160 mode=heavy work_us=9000 sleep_us=1000 cpu=0
2025/12/17 22:53:48 [worker 1] tick=2160 mode=heavy work_us=9000 sleep_us=1000 cpu=1
2025/12/17 22:53:48 [worker 3] tick=2160 mode=heavy work_us=9000 sleep_us=1000 cpu=0
2025/12/17 22:53:48 [worker 2] tick=2180 mode=heavy work_us=9000 sleep_us=1000 cpu=1
2025/12/17 22:53:48 [worker 3] tick=2170 mode=heavy work_us=9000 sleep_us=1000 cpu=0
2025/12/17 22:53:48 [worker 1] tick=2170 mode=heavy work_us=9000 sleep_us=1000 cpu=1
2025/12/17 22:53:48 [worker 0] tick=2170 mode=heavy work_us=9000 sleep_us=1000 cpu=0
2025/12/17 22:53:49 [worker 2] tick=2190 mode=heavy work_us=9000 sleep_us=1000 cpu=1
2025/12/17 22:53:49 [worker 1] tick=2180 mode=heavy work_us=9000 sleep_us=1000 cpu=1
2025/12/17 22:53:49 [worker 3] tick=2180 mode=heavy work_us=9000 sleep_us=1000 cpu=0
2025/12/17 22:53:49 [worker 0] tick=2180 mode=heavy work_us=9000 sleep_us=1000 cpu=0
2025/12/17 22:53:49 [worker 2] tick=2200 mode=heavy work_us=9000 sleep_us=1000 cpu=1
2025/12/17 22:53:49 [worker 3] tick=2190 mode=heavy work_us=9000 sleep_us=1000 cpu=0
2025/12/17 22:53:49 [worker 1] tick=2190 mode=heavy work_us=9000 sleep_us=1000 cpu=1
2025/12/17 22:53:49 [worker 0] tick=2190 mode=heavy work_us=9000 sleep_us=1000 cpu=0
2025/12/17 22:53:49 [worker 2] tick=2210 mode=heavy work_us=9000 sleep_us=1000 cpu=1
2025/12/17 22:53:49 [worker 3] tick=2200 mode=heavy work_us=9000 sleep_us=1000 cpu=0
2025/12/17 22:53:49 [worker 1] tick=2200 mode=heavy work_us=9000 sleep_us=1000 cpu=1
2025/12/17 22:53:49 [worker 0] tick=2200 mode=heavy work_us=9000 sleep_us=1000 cpu=0
2025/12/17 22:53:49 [worker 2] tick=2220 mode=heavy work_us=9000 sleep_us=1000 cpu=1
2025/12/17 22:53:49 [worker 3] tick=2210 mode=heavy work_us=9000 sleep_us=1000 cpu=0
2025/12/17 22:53:49 [worker 0] tick=2210 mode=heavy work_us=9000 sleep_us=1000 cpu=0
2025/12/17 22:53:49 [worker 1] tick=2210 mode=heavy work_us=9000 sleep_us=1000 cpu=1
2025/12/17 22:53:49 [worker 2] tick=2230 mode=heavy work_us=9000 sleep_us=1000 cpu=1
2025/12/17 22:53:49 [worker 3] tick=2220 mode=heavy work_us=9000 sleep_us=1000 cpu=0
2025/12/17 22:53:49 [worker 0] tick=2220 mode=heavy work_us=9000 sleep_us=1000 cpu=0
2025/12/17 22:53:49 [worker 1] tick=2220 mode=heavy work_us=9000 sleep_us=1000 cpu=1
2025/12/17 22:53:49 [worker 2] tick=2240 mode=heavy work_us=9000 sleep_us=1000 cpu=1
2025/12/17 22:53:49 [worker 3] tick=2230 mode=heavy work_us=9000 sleep_us=1000 cpu=0
2025/12/17 22:53:49 [worker 0] tick=2230 mode=heavy work_us=9000 sleep_us=1000 cpu=0
2025/12/17 22:53:49 [worker 1] tick=2230 mode=heavy work_us=9000 sleep_us=1000 cpu=1
2025/12/17 22:53:49 [worker 2] tick=2250 mode=heavy work_us=9000 sleep_us=1000 cpu=1
2025/12/17 22:53:49 [worker 3] tick=2240 mode=heavy work_us=9000 sleep_us=1000 cpu=0
2025/12/17 22:53:49 [worker 0] tick=2240 mode=heavy work_us=9000 sleep_us=1000 cpu=0
2025/12/17 22:53:49 [worker 2] tick=2260 mode=heavy work_us=9000 sleep_us=1000 cpu=1
2025/12/17 22:53:49 [worker 1] tick=2240 mode=heavy work_us=9000 sleep_us=1000 cpu=1
2025/12/17 22:53:49 [worker 3] tick=2250 mode=heavy work_us=9000 sleep_us=1000 cpu=0
2025/12/17 22:53:49 [worker 0] tick=2250 mode=heavy work_us=9000 sleep_us=1000 cpu=0
2025/12/17 22:53:50 [worker 1] tick=2250 mode=heavy work_us=9000 sleep_us=1000 cpu=1
2025/12/17 22:53:50 [worker 2] tick=2270 mode=heavy work_us=9000 sleep_us=1000 cpu=1
2025/12/17 22:53:50 [worker 3] tick=2260 mode=heavy work_us=9000 sleep_us=1000 cpu=0
2025/12/17 22:53:50 [worker 0] tick=2260 mode=heavy work_us=9000 sleep_us=1000 cpu=0
2025/12/17 22:53:50 [worker 1] tick=2260 mode=heavy work_us=9000 sleep_us=1000 cpu=1
2025/12/17 22:53:50 [worker 2] tick=2280 mode=heavy work_us=9000 sleep_us=1000 cpu=1
2025/12/17 22:53:50 [worker 3] tick=2270 mode=heavy work_us=9000 sleep_us=1000 cpu=0
2025/12/17 22:53:50 [worker 0] tick=2270 mode=heavy work_us=9000 sleep_us=1000 cpu=0
2025/12/17 22:53:50 [worker 2] tick=2290 mode=heavy work_us=9000 sleep_us=1000 cpu=1
2025/12/17 22:53:50 [worker 1] tick=2270 mode=heavy work_us=9000 sleep_us=1000 cpu=1
2025/12/17 22:53:50 [worker 3] tick=2280 mode=heavy work_us=9000 sleep_us=1000 cpu=0
2025/12/17 22:53:50 [worker 0] tick=2280 mode=heavy work_us=9000 sleep_us=1000 cpu=0
2025/12/17 22:53:50 [worker 2] tick=2300 mode=heavy work_us=9000 sleep_us=1000 cpu=1
2025/12/17 22:53:50 [worker 1] tick=2280 mode=heavy work_us=9000 sleep_us=1000 cpu=1
2025/12/17 22:53:50 [worker 3] tick=2290 mode=heavy work_us=9000 sleep_us=1000 cpu=0
2025/12/17 22:53:50 [worker 0] tick=2290 mode=heavy work_us=9000 sleep_us=1000 cpu=0
2025/12/17 22:53:50 [worker 2] tick=2310 mode=heavy work_us=9000 sleep_us=1000 cpu=1
2025/12/17 22:53:50 [worker 1] tick=2290 mode=heavy work_us=9000 sleep_us=1000 cpu=1
2025/12/17 22:53:50 [worker 3] tick=2300 mode=heavy work_us=9000 sleep_us=1000 cpu=0
2025/12/17 22:53:50 [worker 0] tick=2300 mode=heavy work_us=9000 sleep_us=1000 cpu=0
2025/12/17 22:53:50 [worker 2] tick=2320 mode=heavy work_us=9000 sleep_us=1000 cpu=1
2025/12/17 22:53:50 [worker 1] tick=2300 mode=heavy work_us=9000 sleep_us=1000 cpu=1
2025/12/17 22:53:50 [worker 3] tick=2310 mode=heavy work_us=9000 sleep_us=1000 cpu=0
2025/12/17 22:53:50 [worker 2] tick=2330 mode=heavy work_us=9000 sleep_us=1000 cpu=1
2025/12/17 22:53:50 [worker 0] tick=2310 mode=heavy work_us=9000 sleep_us=1000 cpu=0
2025/12/17 22:53:50 [worker 1] tick=2310 mode=heavy work_us=9000 sleep_us=1000 cpu=1
2025/12/17 22:53:50 [worker 3] tick=2320 mode=heavy work_us=9000 sleep_us=1000 cpu=0
2025/12/17 22:53:50 [worker 0] tick=2320 mode=heavy work_us=9000 sleep_us=1000 cpu=0
2025/12/17 22:53:50 [worker 2] tick=2340 mode=heavy work_us=9000 sleep_us=1000 cpu=1
2025/12/17 22:53:50 [worker 1] tick=2320 mode=heavy work_us=9000 sleep_us=1000 cpu=1
2025/12/17 22:53:50 [worker 3] tick=2330 mode=heavy work_us=9000 sleep_us=1000 cpu=0
2025/12/17 22:53:50 [worker 2] tick=2350 mode=heavy work_us=9000 sleep_us=1000 cpu=1
2025/12/17 22:53:50 [worker 0] tick=2330 mode=heavy work_us=9000 sleep_us=1000 cpu=0
2025/12/17 22:53:51 [worker 1] tick=2330 mode=heavy work_us=9000 sleep_us=1000 cpu=1
2025/12/17 22:53:51 [worker 2] tick=2360 mode=heavy work_us=9000 sleep_us=1000 cpu=1
2025/12/17 22:53:51 [worker 3] tick=2340 mode=heavy work_us=9000 sleep_us=1000 cpu=0
2025/12/17 22:53:51 [worker 0] tick=2340 mode=heavy work_us=9000 sleep_us=1000 cpu=0
2025/12/17 22:53:51 [worker 1] tick=2340 mode=heavy work_us=9000 sleep_us=1000 cpu=1
2025/12/17 22:53:51 [worker 2] tick=2370 mode=heavy work_us=9000 sleep_us=1000 cpu=1
2025/12/17 22:53:51 [worker 0] tick=2350 mode=heavy work_us=9000 sleep_us=1000 cpu=0
2025/12/17 22:53:51 [worker 3] tick=2350 mode=heavy work_us=9000 sleep_us=1000 cpu=0
2025/12/17 22:53:51 [worker 1] tick=2350 mode=heavy work_us=9000 sleep_us=1000 cpu=1
2025/12/17 22:53:51 [worker 0] tick=2360 mode=heavy work_us=9000 sleep_us=1000 cpu=0
2025/12/17 22:53:51 [worker 3] tick=2360 mode=heavy work_us=9000 sleep_us=1000 cpu=0
2025/12/17 22:53:51 [worker 2] tick=2380 mode=heavy work_us=9000 sleep_us=1000 cpu=1
2025/12/17 22:53:51 [worker 1] tick=2360 mode=heavy work_us=9000 sleep_us=1000 cpu=1
2025/12/17 22:53:51 [worker 0] tick=2370 mode=heavy work_us=9000 sleep_us=1000 cpu=0
2025/12/17 22:53:51 [worker 3] tick=2370 mode=heavy work_us=9000 sleep_us=1000 cpu=0
2025/12/17 22:53:51 [worker 2] tick=2390 mode=heavy work_us=9000 sleep_us=1000 cpu=1
2025/12/17 22:53:51 [worker 1] tick=2370 mode=heavy work_us=9000 sleep_us=1000 cpu=1
2025/12/17 22:53:51 [worker 0] tick=2380 mode=heavy work_us=9000 sleep_us=1000 cpu=0
2025/12/17 22:53:51 [worker 3] tick=2380 mode=heavy work_us=9000 sleep_us=1000 cpu=0
2025/12/17 22:53:51 [worker 2] tick=2400 mode=heavy work_us=9000 sleep_us=1000 cpu=1
2025/12/17 22:53:51 [worker 0] tick=2390 mode=heavy work_us=9000 sleep_us=1000 cpu=0
2025/12/17 22:53:51 [worker 1] tick=2380 mode=heavy work_us=9000 sleep_us=1000 cpu=1
2025/12/17 22:53:51 [worker 3] tick=2390 mode=heavy work_us=9000 sleep_us=1000 cpu=0
2025/12/17 22:53:51 [worker 2] tick=2410 mode=heavy work_us=9000 sleep_us=1000 cpu=1
2025/12/17 22:53:51 [worker 0] tick=2400 mode=heavy work_us=9000 sleep_us=1000 cpu=0
2025/12/17 22:53:51 [worker 1] tick=2390 mode=heavy work_us=9000 sleep_us=1000 cpu=1
2025/12/17 22:53:51 [worker 2] tick=2420 mode=heavy work_us=9000 sleep_us=1000 cpu=1
2025/12/17 22:53:51 [worker 3] tick=2400 mode=heavy work_us=9000 sleep_us=1000 cpu=0
2025/12/17 22:53:52 [worker 0] tick=2410 mode=heavy work_us=9000 sleep_us=1000 cpu=0
2025/12/17 22:53:52 [worker 1] tick=2400 mode=heavy work_us=9000 sleep_us=1000 cpu=1
2025/12/17 22:53:52 [worker 2] tick=2430 mode=heavy work_us=9000 sleep_us=1000 cpu=1
2025/12/17 22:53:52 [worker 3] tick=2410 mode=heavy work_us=9000 sleep_us=1000 cpu=0
2025/12/17 22:53:52 [worker 0] tick=2420 mode=heavy work_us=9000 sleep_us=1000 cpu=0
2025/12/17 22:53:52 [worker 1] tick=2410 mode=heavy work_us=9000 sleep_us=1000 cpu=1
2025/12/17 22:53:52 [worker 3] tick=2420 mode=heavy work_us=9000 sleep_us=1000 cpu=0
2025/12/17 22:53:52 [worker 2] tick=2440 mode=heavy work_us=9000 sleep_us=1000 cpu=1
2025/12/17 22:53:52 [worker 0] tick=2430 mode=heavy work_us=9000 sleep_us=1000 cpu=0
2025/12/17 22:53:52 [worker 1] tick=2420 mode=heavy work_us=9000 sleep_us=1000 cpu=1
2025/12/17 22:53:52 [worker 3] tick=2430 mode=heavy work_us=9000 sleep_us=1000 cpu=0
2025/12/17 22:53:52 [worker 2] tick=2450 mode=heavy work_us=9000 sleep_us=1000 cpu=1
2025/12/17 22:53:52 [worker 0] tick=2440 mode=heavy work_us=9000 sleep_us=1000 cpu=0
2025/12/17 22:53:52 [worker 1] tick=2430 mode=heavy work_us=9000 sleep_us=1000 cpu=1
2025/12/17 22:53:52 [worker 3] tick=2440 mode=heavy work_us=9000 sleep_us=1000 cpu=0
2025/12/17 22:53:52 [worker 2] tick=2460 mode=heavy work_us=9000 sleep_us=1000 cpu=1
2025/12/17 22:53:52 [worker 0] tick=2450 mode=heavy work_us=9000 sleep_us=1000 cpu=0
2025/12/17 22:53:52 [worker 1] tick=2440 mode=heavy work_us=9000 sleep_us=1000 cpu=1
2025/12/17 22:53:52 [worker 3] tick=2450 mode=heavy work_us=9000 sleep_us=1000 cpu=0
2025/12/17 22:53:52 [worker 2] tick=2470 mode=heavy work_us=9000 sleep_us=1000 cpu=1
2025/12/17 22:53:52 [worker 0] tick=2460 mode=heavy work_us=9000 sleep_us=1000 cpu=0
2025/12/17 22:53:52 [worker 1] tick=2450 mode=heavy work_us=9000 sleep_us=1000 cpu=1
2025/12/17 22:53:52 [worker 3] tick=2460 mode=heavy work_us=9000 sleep_us=1000 cpu=0
2025/12/17 22:53:52 [worker 2] tick=2480 mode=heavy work_us=9000 sleep_us=1000 cpu=1
2025/12/17 22:53:52 [worker 0] tick=2470 mode=heavy work_us=9000 sleep_us=1000 cpu=0
2025/12/17 22:53:52 [worker 1] tick=2460 mode=heavy work_us=9000 sleep_us=1000 cpu=1
2025/12/17 22:53:52 [worker 3] tick=2470 mode=heavy work_us=9000 sleep_us=1000 cpu=0
2025/12/17 22:53:52 [worker 2] tick=2490 mode=heavy work_us=9000 sleep_us=1000 cpu=1
2025/12/17 22:53:52 [worker 0] tick=2480 mode=heavy work_us=9000 sleep_us=1000 cpu=0
2025/12/17 22:53:52 [worker 1] tick=2470 mode=heavy work_us=9000 sleep_us=1000 cpu=1
2025/12/17 22:53:52 [worker 3] tick=2480 mode=heavy work_us=9000 sleep_us=1000 cpu=0
2025/12/17 22:53:53 [worker 2] tick=2500 mode=heavy work_us=9000 sleep_us=1000 cpu=1
2025/12/17 22:53:53 [worker 0] tick=2490 mode=heavy work_us=9000 sleep_us=1000 cpu=0
2025/12/17 22:53:53 [worker 1] tick=2480 mode=heavy work_us=9000 sleep_us=1000 cpu=1
2025/12/17 22:53:53 [worker 3] tick=2490 mode=heavy work_us=9000 sleep_us=1000 cpu=0
2025/12/17 22:53:53 [worker 2] tick=2510 mode=heavy work_us=9000 sleep_us=1000 cpu=1
2025/12/17 22:53:53 Received SIGHUP -> reloading configuration
2025/12/17 22:53:53 [worker 0] tick=2500 mode=heavy work_us=9000 sleep_us=1000 cpu=0
2025/12/17 22:53:53 [worker 1] tick=2490 mode=heavy work_us=9000 sleep_us=1000 cpu=1
2025/12/17 22:53:53 [worker 3] tick=2500 mode=heavy work_us=9000 sleep_us=1000 cpu=0
2025/12/17 22:53:53 [worker 2] tick=2520 mode=heavy work_us=9000 sleep_us=1000 cpu=1
2025/12/17 22:53:53 [worker 0] tick=2510 mode=heavy work_us=9000 sleep_us=1000 cpu=0
2025/12/17 22:53:53 === RELOAD CONFIGURATION ===
2025/12/17 22:53:53 BEFORE RELOAD - Current worker PIDs: map[0:4957 1:4958 2:4962 3:4966]
2025/12/17 22:53:53 Loading config from: config/config.json
2025/12/17 22:53:53 New configuration: workers=4 (old=4), mode_default=heavy
2025/12/17 22:53:53 Killing all 4 workers
2025/12/17 22:53:53 Sending SIGKILL to worker 0 (PID 4957)
2025/12/17 22:53:53 Sending SIGKILL to worker 1 (PID 4958)
2025/12/17 22:53:53 Sending SIGKILL to worker 2 (PID 4962)
2025/12/17 22:53:53 Sending SIGKILL to worker 3 (PID 4966)
2025/12/17 22:53:53 Waiting for processes to die...
2025/12/17 22:53:54 Starting 4 NEW workers
2025/12/17 22:53:54 Started worker 0 with PID 5351 (nice=0, cpus=)
2025/12/17 22:53:54 Started worker 0 with NEW PID: 5351
2025/12/17 22:53:54 Started worker 1 with PID 5355 (nice=0, cpus=)
2025/12/17 22:53:54 Started worker 1 with NEW PID: 5355
2025/12/17 22:53:54 Started worker 2 with PID 5358 (nice=0, cpus=)
2025/12/17 22:53:54 Started worker 2 with NEW PID: 5358
2025/12/17 22:53:54 [worker 1] Started, PID=5355, mode=heavy, nice=0, affinity=[0 1]
2025/12/17 22:53:54 [worker 0] Started, PID=5351, mode=heavy, nice=0, affinity=[0 1]
2025/12/17 22:53:54 Started worker 3 with PID 5362 (nice=0, cpus=)
2025/12/17 22:53:54 Started worker 3 with NEW PID: 5362
2025/12/17 22:53:54 === RELOAD COMPLETED ===
2025/12/17 22:53:54 Old PIDs: map[0:4957 1:4958 2:4962 3:4966]
2025/12/17 22:53:54 New PIDs: map[0:5351 1:5355 2:5358 3:5362]
2025/12/17 22:53:54 PID CHANGED: worker 3: 4966 -> 5362
2025/12/17 22:53:54 PID CHANGED: worker 0: 4957 -> 5351
2025/12/17 22:53:54 PID CHANGED: worker 1: 4958 -> 5355
2025/12/17 22:53:54 PID CHANGED: worker 2: 4962 -> 5358
2025/12/17 22:53:54 SUCCESS: Worker PIDs changed after reload!
2025/12/17 22:53:54 [worker 2] Started, PID=5358, mode=heavy, nice=0, affinity=[0 1]
2025/12/17 22:53:54 [worker 3] Started, PID=5362, mode=heavy, nice=0, affinity=[0 1]
2025/12/17 22:53:54 [worker 0] tick=10 mode=heavy work_us=9000 sleep_us=1000 cpu=1
2025/12/17 22:53:54 [worker 2] tick=10 mode=heavy work_us=9000 sleep_us=1000 cpu=1
2025/12/17 22:53:54 [worker 1] tick=10 mode=heavy work_us=9000 sleep_us=1000 cpu=0
2025/12/17 22:53:54 [worker 3] tick=10 mode=heavy work_us=9000 sleep_us=1000 cpu=1
2025/12/17 22:53:54 [worker 2] tick=20 mode=heavy work_us=9000 sleep_us=1000 cpu=1
2025/12/17 22:53:54 [worker 0] tick=20 mode=heavy work_us=9000 sleep_us=1000 cpu=1
2025/12/17 22:53:54 [worker 3] tick=20 mode=heavy work_us=9000 sleep_us=1000 cpu=1
2025/12/17 22:53:54 [worker 1] tick=20 mode=heavy work_us=9000 sleep_us=1000 cpu=0
2025/12/17 22:53:54 [worker 0] tick=30 mode=heavy work_us=9000 sleep_us=1000 cpu=1
2025/12/17 22:53:54 [worker 2] tick=30 mode=heavy work_us=9000 sleep_us=1000 cpu=1
2025/12/17 22:53:54 [worker 3] tick=30 mode=heavy work_us=9000 sleep_us=1000 cpu=1
2025/12/17 22:53:54 [worker 1] tick=30 mode=heavy work_us=9000 sleep_us=1000 cpu=0
2025/12/17 22:53:54 [worker 0] tick=40 mode=heavy work_us=9000 sleep_us=1000 cpu=1
2025/12/17 22:53:54 [worker 2] tick=40 mode=heavy work_us=9000 sleep_us=1000 cpu=1
2025/12/17 22:53:54 [worker 3] tick=40 mode=heavy work_us=9000 sleep_us=1000 cpu=1
2025/12/17 22:53:54 [worker 1] tick=40 mode=heavy work_us=9000 sleep_us=1000 cpu=0
2025/12/17 22:53:54 [worker 0] tick=50 mode=heavy work_us=9000 sleep_us=1000 cpu=1
2025/12/17 22:53:54 [worker 1] tick=50 mode=heavy work_us=9000 sleep_us=1000 cpu=0
2025/12/17 22:53:54 [worker 2] tick=50 mode=heavy work_us=9000 sleep_us=1000 cpu=1
2025/12/17 22:53:54 [worker 3] tick=50 mode=heavy work_us=9000 sleep_us=1000 cpu=1
2025/12/17 22:53:55 [worker 0] tick=60 mode=heavy work_us=9000 sleep_us=1000 cpu=1
2025/12/17 22:53:55 [worker 2] tick=60 mode=heavy work_us=9000 sleep_us=1000 cpu=1
2025/12/17 22:53:55 [worker 1] tick=60 mode=heavy work_us=9000 sleep_us=1000 cpu=0
2025/12/17 22:53:55 [worker 3] tick=60 mode=heavy work_us=9000 sleep_us=1000 cpu=1
2025/12/17 22:53:55 [worker 0] tick=70 mode=heavy work_us=9000 sleep_us=1000 cpu=1
2025/12/17 22:53:55 [worker 2] tick=70 mode=heavy work_us=9000 sleep_us=1000 cpu=1
2025/12/17 22:53:55 [worker 1] tick=70 mode=heavy work_us=9000 sleep_us=1000 cpu=0
2025/12/17 22:53:55 [worker 3] tick=70 mode=heavy work_us=9000 sleep_us=1000 cpu=1
2025/12/17 22:53:55 [worker 0] tick=80 mode=heavy work_us=9000 sleep_us=1000 cpu=1
2025/12/17 22:53:55 [worker 1] tick=80 mode=heavy work_us=9000 sleep_us=1000 cpu=0
2025/12/17 22:53:55 [worker 2] tick=80 mode=heavy work_us=9000 sleep_us=1000 cpu=1
2025/12/17 22:53:55 [worker 3] tick=80 mode=heavy work_us=9000 sleep_us=1000 cpu=1
2025/12/17 22:53:55 [worker 0] tick=90 mode=heavy work_us=9000 sleep_us=1000 cpu=1
2025/12/17 22:53:55 [worker 2] tick=90 mode=heavy work_us=9000 sleep_us=1000 cpu=1
2025/12/17 22:53:55 [worker 1] tick=90 mode=heavy work_us=9000 sleep_us=1000 cpu=0
2025/12/17 22:53:55 [worker 3] tick=90 mode=heavy work_us=9000 sleep_us=1000 cpu=1
2025/12/17 22:53:55 [worker 0] tick=100 mode=heavy work_us=9000 sleep_us=1000 cpu=1
2025/12/17 22:53:55 [worker 1] tick=100 mode=heavy work_us=9000 sleep_us=1000 cpu=0
2025/12/17 22:53:55 [worker 2] tick=100 mode=heavy work_us=9000 sleep_us=1000 cpu=1
2025/12/17 22:53:55 [worker 3] tick=100 mode=heavy work_us=9000 sleep_us=1000 cpu=1
2025/12/17 22:53:55 [worker 0] tick=110 mode=heavy work_us=9000 sleep_us=1000 cpu=1
2025/12/17 22:53:55 [worker 2] tick=110 mode=heavy work_us=9000 sleep_us=1000 cpu=1
2025/12/17 22:53:55 [worker 1] tick=110 mode=heavy work_us=9000 sleep_us=1000 cpu=0
2025/12/17 22:53:55 [worker 3] tick=110 mode=heavy work_us=9000 sleep_us=1000 cpu=1
2025/12/17 22:53:55 [worker 0] tick=120 mode=heavy work_us=9000 sleep_us=1000 cpu=1
2025/12/17 22:53:55 [worker 2] tick=120 mode=heavy work_us=9000 sleep_us=1000 cpu=1
2025/12/17 22:53:55 [worker 1] tick=120 mode=heavy work_us=9000 sleep_us=1000 cpu=0
2025/12/17 22:53:55 [worker 3] tick=120 mode=heavy work_us=9000 sleep_us=1000 cpu=1
2025/12/17 22:53:55 [worker 0] tick=130 mode=heavy work_us=9000 sleep_us=1000 cpu=1
2025/12/17 22:53:55 [worker 2] tick=130 mode=heavy work_us=9000 sleep_us=1000 cpu=1
2025/12/17 22:53:55 [worker 1] tick=130 mode=heavy work_us=9000 sleep_us=1000 cpu=0
2025/12/17 22:53:55 [worker 3] tick=130 mode=heavy work_us=9000 sleep_us=1000 cpu=1
2025/12/17 22:53:56 [worker 0] tick=140 mode=heavy work_us=9000 sleep_us=1000 cpu=1
2025/12/17 22:53:56 [worker 2] tick=140 mode=heavy work_us=9000 sleep_us=1000 cpu=1
2025/12/17 22:53:56 [worker 3] tick=140 mode=heavy work_us=9000 sleep_us=1000 cpu=1
2025/12/17 22:53:56 [worker 1] tick=140 mode=heavy work_us=9000 sleep_us=1000 cpu=0
2025/12/17 22:53:56 [worker 0] tick=150 mode=heavy work_us=9000 sleep_us=1000 cpu=1
2025/12/17 22:53:56 [worker 2] tick=150 mode=heavy work_us=9000 sleep_us=1000 cpu=1
2025/12/17 22:53:56 [worker 3] tick=150 mode=heavy work_us=9000 sleep_us=1000 cpu=1
2025/12/17 22:53:56 [worker 1] tick=150 mode=heavy work_us=9000 sleep_us=1000 cpu=0
2025/12/17 22:53:56 [worker 0] tick=160 mode=heavy work_us=9000 sleep_us=1000 cpu=1
2025/12/17 22:53:56 [worker 2] tick=160 mode=heavy work_us=9000 sleep_us=1000 cpu=1
2025/12/17 22:53:56 [worker 3] tick=160 mode=heavy work_us=9000 sleep_us=1000 cpu=1
2025/12/17 22:53:56 [worker 1] tick=160 mode=heavy work_us=9000 sleep_us=1000 cpu=0
2025/12/17 22:53:56 [worker 0] tick=170 mode=heavy work_us=9000 sleep_us=1000 cpu=1
2025/12/17 22:53:56 [worker 2] tick=170 mode=heavy work_us=9000 sleep_us=1000 cpu=1
2025/12/17 22:53:56 [worker 3] tick=170 mode=heavy work_us=9000 sleep_us=1000 cpu=1
2025/12/17 22:53:56 [worker 1] tick=170 mode=heavy work_us=9000 sleep_us=1000 cpu=0
2025/12/17 22:53:56 [worker 2] tick=180 mode=heavy work_us=9000 sleep_us=1000 cpu=1
2025/12/17 22:53:56 [worker 0] tick=180 mode=heavy work_us=9000 sleep_us=1000 cpu=1
2025/12/17 22:53:56 [worker 3] tick=180 mode=heavy work_us=9000 sleep_us=1000 cpu=1
2025/12/17 22:53:56 [worker 1] tick=180 mode=heavy work_us=9000 sleep_us=1000 cpu=0
2025/12/17 22:53:56 [worker 0] tick=190 mode=heavy work_us=9000 sleep_us=1000 cpu=1
2025/12/17 22:53:56 [worker 2] tick=190 mode=heavy work_us=9000 sleep_us=1000 cpu=1
2025/12/17 22:53:56 [worker 1] tick=190 mode=heavy work_us=9000 sleep_us=1000 cpu=0
2025/12/17 22:53:56 [worker 3] tick=190 mode=heavy work_us=9000 sleep_us=1000 cpu=1
2025/12/17 22:53:56 [worker 0] tick=200 mode=heavy work_us=9000 sleep_us=1000 cpu=1
2025/12/17 22:53:56 [worker 2] tick=200 mode=heavy work_us=9000 sleep_us=1000 cpu=1
2025/12/17 22:53:56 [worker 1] tick=200 mode=heavy work_us=9000 sleep_us=1000 cpu=0
2025/12/17 22:53:56 [worker 3] tick=200 mode=heavy work_us=9000 sleep_us=1000 cpu=1
2025/12/17 22:53:56 [worker 2] tick=210 mode=heavy work_us=9000 sleep_us=1000 cpu=1
2025/12/17 22:53:56 [worker 0] tick=210 mode=heavy work_us=9000 sleep_us=1000 cpu=1
2025/12/17 22:53:56 [worker 3] tick=210 mode=heavy work_us=9000 sleep_us=1000 cpu=1
2025/12/17 22:53:56 [worker 1] tick=210 mode=heavy work_us=9000 sleep_us=1000 cpu=0
2025/12/17 22:53:56 [worker 2] tick=220 mode=heavy work_us=9000 sleep_us=1000 cpu=1
2025/12/17 22:53:56 [worker 0] tick=220 mode=heavy work_us=9000 sleep_us=1000 cpu=1
2025/12/17 22:53:57 [worker 1] tick=220 mode=heavy work_us=9000 sleep_us=1000 cpu=0
2025/12/17 22:53:57 [worker 3] tick=220 mode=heavy work_us=9000 sleep_us=1000 cpu=1
2025/12/17 22:53:57 [worker 2] tick=230 mode=heavy work_us=9000 sleep_us=1000 cpu=1
2025/12/17 22:53:57 [worker 0] tick=230 mode=heavy work_us=9000 sleep_us=1000 cpu=1
2025/12/17 22:53:57 [worker 3] tick=230 mode=heavy work_us=9000 sleep_us=1000 cpu=1
2025/12/17 22:53:57 [worker 1] tick=230 mode=heavy work_us=9000 sleep_us=1000 cpu=0
2025/12/17 22:53:57 [worker 2] tick=240 mode=heavy work_us=9000 sleep_us=1000 cpu=1
2025/12/17 22:53:57 [worker 0] tick=240 mode=heavy work_us=9000 sleep_us=1000 cpu=1
2025/12/17 22:53:57 [worker 3] tick=240 mode=heavy work_us=9000 sleep_us=1000 cpu=1
2025/12/17 22:53:57 [worker 1] tick=240 mode=heavy work_us=9000 sleep_us=1000 cpu=0
2025/12/17 22:53:57 [worker 2] tick=250 mode=heavy work_us=9000 sleep_us=1000 cpu=1
2025/12/17 22:53:57 [worker 0] tick=250 mode=heavy work_us=9000 sleep_us=1000 cpu=1
2025/12/17 22:53:57 [worker 3] tick=250 mode=heavy work_us=9000 sleep_us=1000 cpu=1
2025/12/17 22:53:57 [worker 1] tick=250 mode=heavy work_us=9000 sleep_us=1000 cpu=0
2025/12/17 22:53:57 [worker 2] tick=260 mode=heavy work_us=9000 sleep_us=1000 cpu=1
2025/12/17 22:53:57 [worker 0] tick=260 mode=heavy work_us=9000 sleep_us=1000 cpu=1
2025/12/17 22:53:57 [worker 1] tick=260 mode=heavy work_us=9000 sleep_us=1000 cpu=0
2025/12/17 22:53:57 [worker 3] tick=260 mode=heavy work_us=9000 sleep_us=1000 cpu=1
2025/12/17 22:53:57 [worker 2] tick=270 mode=heavy work_us=9000 sleep_us=1000 cpu=1
2025/12/17 22:53:57 [worker 0] tick=270 mode=heavy work_us=9000 sleep_us=1000 cpu=1
2025/12/17 22:53:57 [worker 3] tick=270 mode=heavy work_us=9000 sleep_us=1000 cpu=1
2025/12/17 22:53:57 [worker 1] tick=270 mode=heavy work_us=9000 sleep_us=1000 cpu=0
2025/12/17 22:53:57 [worker 2] tick=280 mode=heavy work_us=9000 sleep_us=1000 cpu=1
2025/12/17 22:53:57 [worker 0] tick=280 mode=heavy work_us=9000 sleep_us=1000 cpu=1
2025/12/17 22:53:57 [worker 1] tick=280 mode=heavy work_us=9000 sleep_us=1000 cpu=0
2025/12/17 22:53:57 [worker 3] tick=280 mode=heavy work_us=9000 sleep_us=1000 cpu=1
2025/12/17 22:53:57 [worker 2] tick=290 mode=heavy work_us=9000 sleep_us=1000 cpu=1
2025/12/17 22:53:57 [worker 0] tick=290 mode=heavy work_us=9000 sleep_us=1000 cpu=1
2025/12/17 22:53:57 [worker 1] tick=290 mode=heavy work_us=9000 sleep_us=1000 cpu=0
2025/12/17 22:53:57 [worker 3] tick=290 mode=heavy work_us=9000 sleep_us=1000 cpu=1
2025/12/17 22:53:57 [worker 2] tick=300 mode=heavy work_us=9000 sleep_us=1000 cpu=1
2025/12/17 22:53:57 [worker 0] tick=300 mode=heavy work_us=9000 sleep_us=1000 cpu=1
2025/12/17 22:53:57 [worker 1] tick=300 mode=heavy work_us=9000 sleep_us=1000 cpu=0
2025/12/17 22:53:57 [worker 3] tick=300 mode=heavy work_us=9000 sleep_us=1000 cpu=1
2025/12/17 22:53:58 [worker 2] tick=310 mode=heavy work_us=9000 sleep_us=1000 cpu=1
2025/12/17 22:53:58 [worker 1] tick=310 mode=heavy work_us=9000 sleep_us=1000 cpu=0
2025/12/17 22:53:58 [worker 0] tick=310 mode=heavy work_us=9000 sleep_us=1000 cpu=1
2025/12/17 22:53:58 [worker 3] tick=310 mode=heavy work_us=9000 sleep_us=1000 cpu=1
2025/12/17 22:53:58 [worker 2] tick=320 mode=heavy work_us=9000 sleep_us=1000 cpu=1
2025/12/17 22:53:58 [worker 0] tick=320 mode=heavy work_us=9000 sleep_us=1000 cpu=1
2025/12/17 22:53:58 [worker 1] tick=320 mode=heavy work_us=9000 sleep_us=1000 cpu=0
2025/12/17 22:53:58 [worker 3] tick=320 mode=heavy work_us=9000 sleep_us=1000 cpu=1
2025/12/17 22:53:58 Worker 0 (PID 5351) exited with status -1
2025/12/17 22:53:58 Restarting worker 0
2025/12/17 22:53:58 Started worker 0 with PID 5474 (nice=0, cpus=)
2025/12/17 22:53:58 [worker 0] Started, PID=5474, mode=heavy, nice=0, affinity=[0 1]
2025/12/17 22:53:58 [worker 2] tick=330 mode=heavy work_us=9000 sleep_us=1000 cpu=1
2025/12/17 22:53:58 [worker 1] tick=330 mode=heavy work_us=9000 sleep_us=1000 cpu=0
2025/12/17 22:53:58 [worker 3] tick=330 mode=heavy work_us=9000 sleep_us=1000 cpu=1
2025/12/17 22:53:58 [worker 0] tick=10 mode=heavy work_us=9000 sleep_us=1000 cpu=1
2025/12/17 22:53:58 [worker 2] tick=340 mode=heavy work_us=9000 sleep_us=1000 cpu=1
2025/12/17 22:53:58 [worker 1] tick=340 mode=heavy work_us=9000 sleep_us=1000 cpu=0
2025/12/17 22:53:58 [worker 3] tick=340 mode=heavy work_us=9000 sleep_us=1000 cpu=1
2025/12/17 22:53:58 [worker 0] tick=20 mode=heavy work_us=9000 sleep_us=1000 cpu=1
2025/12/17 22:53:58 [worker 2] tick=350 mode=heavy work_us=9000 sleep_us=1000 cpu=1
2025/12/17 22:53:58 [worker 1] tick=350 mode=heavy work_us=9000 sleep_us=1000 cpu=0
2025/12/17 22:53:58 [worker 0] tick=30 mode=heavy work_us=9000 sleep_us=1000 cpu=1
2025/12/17 22:53:58 [worker 3] tick=350 mode=heavy work_us=9000 sleep_us=1000 cpu=1
2025/12/17 22:53:58 [worker 2] tick=360 mode=heavy work_us=9000 sleep_us=1000 cpu=1
2025/12/17 22:53:58 [worker 1] tick=360 mode=heavy work_us=9000 sleep_us=1000 cpu=0
2025/12/17 22:53:58 [worker 3] tick=360 mode=heavy work_us=9000 sleep_us=1000 cpu=1
2025/12/17 22:53:58 [worker 0] tick=40 mode=heavy work_us=9000 sleep_us=1000 cpu=1
2025/12/17 22:53:58 [worker 2] tick=370 mode=heavy work_us=9000 sleep_us=1000 cpu=1
2025/12/17 22:53:58 [worker 1] tick=370 mode=heavy work_us=9000 sleep_us=1000 cpu=0
2025/12/17 22:53:58 [worker 0] tick=50 mode=heavy work_us=9000 sleep_us=1000 cpu=1
2025/12/17 22:53:58 [worker 2] tick=380 mode=heavy work_us=9000 sleep_us=1000 cpu=1
2025/12/17 22:53:58 [worker 3] tick=370 mode=heavy work_us=9000 sleep_us=1000 cpu=1
2025/12/17 22:53:59 [worker 1] tick=380 mode=heavy work_us=9000 sleep_us=1000 cpu=0
2025/12/17 22:53:59 [worker 2] tick=390 mode=heavy work_us=9000 sleep_us=1000 cpu=1
2025/12/17 22:53:59 [worker 0] tick=60 mode=heavy work_us=9000 sleep_us=1000 cpu=1
2025/12/17 22:53:59 [worker 3] tick=380 mode=heavy work_us=9000 sleep_us=1000 cpu=1
2025/12/17 22:53:59 [worker 1] tick=390 mode=heavy work_us=9000 sleep_us=1000 cpu=0
2025/12/17 22:53:59 [worker 2] tick=400 mode=heavy work_us=9000 sleep_us=1000 cpu=1
2025/12/17 22:53:59 [worker 0] tick=70 mode=heavy work_us=9000 sleep_us=1000 cpu=1
2025/12/17 22:53:59 [worker 3] tick=390 mode=heavy work_us=9000 sleep_us=1000 cpu=1
2025/12/17 22:53:59 [worker 1] tick=400 mode=heavy work_us=9000 sleep_us=1000 cpu=0
2025/12/17 22:53:59 [worker 0] tick=80 mode=heavy work_us=9000 sleep_us=1000 cpu=1
2025/12/17 22:53:59 [worker 3] tick=400 mode=heavy work_us=9000 sleep_us=1000 cpu=1
2025/12/17 22:53:59 [worker 2] tick=410 mode=heavy work_us=9000 sleep_us=1000 cpu=1
2025/12/17 22:53:59 [worker 1] tick=410 mode=heavy work_us=9000 sleep_us=1000 cpu=0
2025/12/17 22:53:59 [worker 0] tick=90 mode=heavy work_us=9000 sleep_us=1000 cpu=1
2025/12/17 22:53:59 [worker 3] tick=410 mode=heavy work_us=9000 sleep_us=1000 cpu=1
2025/12/17 22:53:59 [worker 2] tick=420 mode=heavy work_us=9000 sleep_us=1000 cpu=1
2025/12/17 22:53:59 [worker 1] tick=420 mode=heavy work_us=9000 sleep_us=1000 cpu=0
2025/12/17 22:53:59 [worker 0] tick=100 mode=heavy work_us=9000 sleep_us=1000 cpu=1
2025/12/17 22:53:59 [worker 2] tick=430 mode=heavy work_us=9000 sleep_us=1000 cpu=1
2025/12/17 22:53:59 [worker 3] tick=420 mode=heavy work_us=9000 sleep_us=1000 cpu=1
2025/12/17 22:53:59 [worker 1] tick=430 mode=heavy work_us=9000 sleep_us=1000 cpu=0
2025/12/17 22:53:59 [worker 0] tick=110 mode=heavy work_us=9000 sleep_us=1000 cpu=1
2025/12/17 22:53:59 [worker 2] tick=440 mode=heavy work_us=9000 sleep_us=1000 cpu=1
2025/12/17 22:53:59 [worker 3] tick=430 mode=heavy work_us=9000 sleep_us=1000 cpu=1
2025/12/17 22:53:59 [worker 1] tick=440 mode=heavy work_us=9000 sleep_us=1000 cpu=0
2025/12/17 22:53:59 [worker 0] tick=120 mode=heavy work_us=9000 sleep_us=1000 cpu=1
2025/12/17 22:53:59 [worker 2] tick=450 mode=heavy work_us=9000 sleep_us=1000 cpu=1
2025/12/17 22:53:59 [worker 3] tick=440 mode=heavy work_us=9000 sleep_us=1000 cpu=1
2025/12/17 22:53:59 [worker 1] tick=450 mode=heavy work_us=9000 sleep_us=1000 cpu=0
2025/12/17 22:53:59 [worker 0] tick=130 mode=heavy work_us=9000 sleep_us=1000 cpu=1
2025/12/17 22:53:59 [worker 3] tick=450 mode=heavy work_us=9000 sleep_us=1000 cpu=1
2025/12/17 22:53:59 [worker 2] tick=460 mode=heavy work_us=9000 sleep_us=1000 cpu=1
2025/12/17 22:53:59 [worker 1] tick=460 mode=heavy work_us=9000 sleep_us=1000 cpu=0
2025/12/17 22:54:00 [worker 0] tick=140 mode=heavy work_us=9000 sleep_us=1000 cpu=1
2025/12/17 22:54:00 [worker 3] tick=460 mode=heavy work_us=9000 sleep_us=1000 cpu=1
2025/12/17 22:54:00 [worker 2] tick=470 mode=heavy work_us=9000 sleep_us=1000 cpu=1
2025/12/17 22:54:00 [worker 1] tick=470 mode=heavy work_us=9000 sleep_us=1000 cpu=0
2025/12/17 22:54:00 [worker 3] tick=470 mode=heavy work_us=9000 sleep_us=1000 cpu=1
2025/12/17 22:54:00 [worker 0] tick=150 mode=heavy work_us=9000 sleep_us=1000 cpu=1
2025/12/17 22:54:00 [worker 2] tick=480 mode=heavy work_us=9000 sleep_us=1000 cpu=1
2025/12/17 22:54:00 [worker 1] tick=480 mode=heavy work_us=9000 sleep_us=1000 cpu=0
2025/12/17 22:54:00 [worker 3] tick=480 mode=heavy work_us=9000 sleep_us=1000 cpu=1
2025/12/17 22:54:00 [worker 0] tick=160 mode=heavy work_us=9000 sleep_us=1000 cpu=1
2025/12/17 22:54:00 [worker 2] tick=490 mode=heavy work_us=9000 sleep_us=1000 cpu=1
2025/12/17 22:54:00 [worker 1] tick=490 mode=heavy work_us=9000 sleep_us=1000 cpu=0
2025/12/17 22:54:00 [worker 3] tick=490 mode=heavy work_us=9000 sleep_us=1000 cpu=1
2025/12/17 22:54:00 [worker 0] tick=170 mode=heavy work_us=9000 sleep_us=1000 cpu=1
2025/12/17 22:54:00 [worker 2] tick=500 mode=heavy work_us=9000 sleep_us=1000 cpu=1
2025/12/17 22:54:00 [worker 1] tick=500 mode=heavy work_us=9000 sleep_us=1000 cpu=0
2025/12/17 22:54:00 [worker 0] tick=180 mode=heavy work_us=9000 sleep_us=1000 cpu=1
2025/12/17 22:54:00 [worker 3] tick=500 mode=heavy work_us=9000 sleep_us=1000 cpu=1
2025/12/17 22:54:00 [worker 2] tick=510 mode=heavy work_us=9000 sleep_us=1000 cpu=1
2025/12/17 22:54:00 [worker 1] tick=510 mode=heavy work_us=9000 sleep_us=1000 cpu=0
2025/12/17 22:54:00 [worker 0] tick=190 mode=heavy work_us=9000 sleep_us=1000 cpu=1
2025/12/17 22:54:00 [worker 3] tick=510 mode=heavy work_us=9000 sleep_us=1000 cpu=1
2025/12/17 22:54:00 [worker 2] tick=520 mode=heavy work_us=9000 sleep_us=1000 cpu=1
2025/12/17 22:54:00 [worker 1] tick=520 mode=heavy work_us=9000 sleep_us=1000 cpu=0
2025/12/17 22:54:00 [worker 0] tick=200 mode=heavy work_us=9000 sleep_us=1000 cpu=1
2025/12/17 22:54:00 [worker 3] tick=520 mode=heavy work_us=9000 sleep_us=1000 cpu=1
2025/12/17 22:54:00 [worker 2] tick=530 mode=heavy work_us=9000 sleep_us=1000 cpu=1
2025/12/17 22:54:00 [worker 1] tick=530 mode=heavy work_us=9000 sleep_us=1000 cpu=0
2025/12/17 22:54:00 [worker 3] tick=530 mode=heavy work_us=9000 sleep_us=1000 cpu=1
2025/12/17 22:54:00 [worker 0] tick=210 mode=heavy work_us=9000 sleep_us=1000 cpu=1
2025/12/17 22:54:00 [worker 2] tick=540 mode=heavy work_us=9000 sleep_us=1000 cpu=1
2025/12/17 22:54:00 [worker 1] tick=540 mode=heavy work_us=9000 sleep_us=1000 cpu=0
2025/12/17 22:54:00 [worker 3] tick=540 mode=heavy work_us=9000 sleep_us=1000 cpu=1
2025/12/17 22:54:01 [worker 0] tick=220 mode=heavy work_us=9000 sleep_us=1000 cpu=1
2025/12/17 22:54:01 [worker 2] tick=550 mode=heavy work_us=9000 sleep_us=1000 cpu=1
2025/12/17 22:54:01 [worker 1] tick=550 mode=heavy work_us=9000 sleep_us=1000 cpu=0
2025/12/17 22:54:01 [worker 3] tick=550 mode=heavy work_us=9000 sleep_us=1000 cpu=1
2025/12/17 22:54:01 [worker 0] tick=230 mode=heavy work_us=9000 sleep_us=1000 cpu=1
2025/12/17 22:54:01 [worker 2] tick=560 mode=heavy work_us=9000 sleep_us=1000 cpu=1
2025/12/17 22:54:01 [worker 1] tick=560 mode=heavy work_us=9000 sleep_us=1000 cpu=0
2025/12/17 22:54:01 [worker 0] tick=240 mode=heavy work_us=9000 sleep_us=1000 cpu=1
2025/12/17 22:54:01 [worker 3] tick=560 mode=heavy work_us=9000 sleep_us=1000 cpu=1
2025/12/17 22:54:01 [worker 2] tick=570 mode=heavy work_us=9000 sleep_us=1000 cpu=1
2025/12/17 22:54:01 [worker 0] tick=250 mode=heavy work_us=9000 sleep_us=1000 cpu=1
2025/12/17 22:54:01 [worker 1] tick=570 mode=heavy work_us=9000 sleep_us=1000 cpu=0
2025/12/17 22:54:01 [worker 3] tick=570 mode=heavy work_us=9000 sleep_us=1000 cpu=1
2025/12/17 22:54:01 [worker 2] tick=580 mode=heavy work_us=9000 sleep_us=1000 cpu=1
2025/12/17 22:54:01 Received terminated -> initiating graceful shutdown
2025/12/17 22:54:01 Initiating graceful shutdown...
2025/12/17 22:54:01 Broadcasting signal terminated to all workers
2025/12/17 22:54:01 Sending signal terminated to worker 3 (PID 5362)
2025/12/17 22:54:01 Sending signal terminated to worker 0 (PID 5474)
2025/12/17 22:54:01 Sending signal terminated to worker 1 (PID 5355)
2025/12/17 22:54:01 Sending signal terminated to worker 2 (PID 5358)
2025/12/17 22:54:01 Sent signal terminated to 4 workers
2025/12/17 22:54:01 Waiting for workers to exit gracefully...
2025/12/17 22:54:01 [worker 5362] Received terminated -> stopping after current cycle
2025/12/17 22:54:01 [worker 0] tick=260 mode=heavy work_us=9000 sleep_us=1000 cpu=1
2025/12/17 22:54:01 [worker 5474] Received terminated -> stopping after current cycle
2025/12/17 22:54:01 [worker 5355] Received terminated -> stopping after current cycle
2025/12/17 22:54:01 [worker 5358] Received terminated -> stopping after current cycle
2025/12/17 22:54:01 Worker 1 (PID 5355) exited with status 0
2025/12/17 22:54:01 Worker 3 (PID 5362) exited with status 0
2025/12/17 22:54:01 Worker 0 (PID 5474) exited with status 0
2025/12/17 22:54:01 Worker 2 (PID 5358) exited with status 0
2025/12/17 22:54:01 All workers exited gracefully
2025/12/17 22:54:01 Graceful shutdown completed
2025/12/17 22:54:01 Supervisor stopped gracefully
